date,None,D0,D1,D2,D3,D4,precip,temp,pdsi,MH_water_level,S_water_level
2000-01-01,73.765,26.235,12.515,0.08,0.0,0.0,1.68,19.3,-2.97,175.92,183.16
2000-02-01,40.517999999999994,59.482000000000006,8.258,0.716,0.0,0.0,1.42,26.5,-2.73,175.87,183.08
2000-03-01,43.2025,56.7975,13.305,2.7275,0.0,0.0,1.62,38.8,-3.17,175.9,183.08
2000-04-01,27.759999999999998,72.24000000000001,44.5525,6.2875000000000005,0.0,0.0,2.41,42.4,-2.98,175.92,183.12
2000-05-01,34.042,65.958,28.639999999999997,0.0,0.0,0.0,4.64,56.6,0.73,176.0,183.16
2000-06-01,60.4225,39.5775,7.2025,0.0,0.0,0.0,4.07,63.5,1.09,176.1,183.24
2000-07-01,88.27000000000001,11.73,0.0,0.0,0.0,0.0,3.45,66.1,1.59,176.13,183.33
2000-08-01,83.098,16.901999999999997,3.1399999999999997,0.0,0.0,0.0,2.85,66.1,1.38,176.13,183.31
2000-09-01,83.615,16.385,4.9075,0.0,0.0,0.0,3.95,58.0,1.63,176.09,183.27
2000-10-01,68.97,31.03,5.236,0.0,0.0,0.0,1.63,50.8,0.98,175.98,183.2
2000-11-01,60.775,39.225,11.365,0.0,0.0,0.0,2.77,36.2,0.9,175.89,183.15
2000-12-01,70.99249999999999,29.0075,6.5875,0.0,0.0,0.0,2.53,15.9,1.28,175.81,183.06
2001-01-01,87.04,12.960000000000003,0.0,0.0,0.0,0.0,1.23,23.4,0.81,175.77,182.98
2001-02-01,96.76,3.24,0.0,0.0,0.0,0.0,2.63,22.1,1.55,175.78,182.94
2001-03-01,100.0,0.0,0.0,0.0,0.0,0.0,0.71,29.4,-0.88,175.78,182.91
2001-04-01,99.34,0.66,0.0,0.0,0.0,0.0,3.12,46.1,0.03,175.85,183.01
2001-05-01,99.826,0.174,0.0,0.0,0.0,0.0,4.71,57.2,0.75,175.95,183.24
2001-06-01,100.0,0.0,0.0,0.0,0.0,0.0,3.24,64.4,-0.12,176.06,183.33
2001-07-01,63.715999999999994,36.284000000000006,3.34,0.0,0.0,0.0,2.02,68.4,-0.6,176.05,183.36
2001-08-01,29.515,70.485,28.54,4.9725,0.0,0.0,3.38,69.6,-0.8,176.03,183.39
2001-09-01,39.98,60.02,16.855,0.0,0.0,0.0,4.25,57.7,0.37,176.01,183.37
2001-10-01,100.0,0.0,0.0,0.0,0.0,0.0,5.47,47.8,1.81,176.03,183.3
2001-11-01,100.0,0.0,0.0,0.0,0.0,0.0,2.44,43.6,1.67,176.05,183.29
2001-12-01,100.0,0.0,0.0,0.0,0.0,0.0,1.97,31.9,1.61,176.05,183.3
2002-01-01,100.0,0.0,0.0,0.0,0.0,0.0,1.12,27.5,1.03,175.99,183.22
2002-02-01,100.0,0.0,0.0,0.0,0.0,0.0,2.13,27.4,1.38,175.95,183.14
2002-03-01,99.9525,0.0475,0.0,0.0,0.0,0.0,2.59,27.4,1.66,175.99,183.11
2002-04-01,100.0,0.0,0.0,0.0,0.0,0.0,3.57,43.4,2.01,176.06,183.14
2002-05-01,100.0,0.0,0.0,0.0,0.0,0.0,3.83,49.7,2.55,176.19,183.26
2002-06-01,100.0,0.0,0.0,0.0,0.0,0.0,3.01,65.6,-0.33,176.29,183.31
2002-07-01,75.748,24.252,5.912,0.0,0.0,0.0,3.22,72.4,-0.33,176.33,183.36
2002-08-01,69.7075,30.2925,2.1550000000000002,0.0,0.0,0.0,3.51,68.0,-0.33,176.32,183.4
2002-09-01,64.715,35.285,10.2475,0.0,0.0,0.0,2.13,63.3,-1.4,176.24,183.42
2002-10-01,28.698,71.30199999999999,47.05,0.0,0.0,0.0,3.07,44.5,-1.16,176.14,183.44
2002-11-01,28.7075,71.2925,56.2725,0.0,0.0,0.0,1.58,33.7,-1.81,176.01,183.36
2002-12-01,25.742,74.25800000000001,57.898,1.22,0.0,0.0,1.14,26.0,-2.46,175.91,183.26
2003-01-01,0.0,100.0,80.72,25.619999999999997,0.0,0.0,0.86,16.7,-2.86,175.82,183.16
2003-02-01,0.0,100.0,71.1625,37.1025,0.0,0.0,1.06,16.3,-2.88,175.75,183.07
2003-03-01,0.0025,99.9975,83.82249999999999,52.1725,0.0,0.0,1.97,29.3,-2.6,175.73,183.03
2003-04-01,27.080000000000002,72.92,60.028,8.175999999999998,0.0,0.0,2.79,41.4,-2.15,175.82,183.08
2003-05-01,74.855,25.145000000000003,6.8575,0.0,0.0,0.0,3.99,52.8,-1.31,175.92,183.18
2003-06-01,83.03,16.97,0.1025,0.0,0.0,0.0,2.21,62.1,-1.75,176.0,183.23
2003-07-01,46.658,53.342000000000006,0.128,0.0,0.0,0.0,3.34,67.8,-1.32,176.04,183.26
2003-08-01,67.7525,32.2475,0.0,0.0,0.0,0.0,2.69,68.8,-1.72,176.02,183.29
2003-09-01,24.752000000000002,75.248,33.814,0.0,0.0,0.0,3.33,59.5,-1.76,175.94,183.27
2003-10-01,52.015,47.985,8.032499999999999,0.0,0.0,0.0,2.31,46.6,-1.88,175.87,183.26
2003-11-01,88.83,11.17,0.0,0.0,0.0,0.0,4.6,37.7,0.71,175.89,183.23
2003-12-01,95.84200000000001,4.1579999999999995,0.006,0.0,0.0,0.0,1.93,28.6,0.73,175.9,183.19
2004-01-01,98.5625,1.4375,0.0,0.0,0.0,0.0,2.03,14.3,0.87,175.87,183.14
2004-02-01,98.65,1.35,0.0,0.0,0.0,0.0,1.2,22.6,0.56,175.84,183.07
2004-03-01,99.982,0.018,0.0,0.0,0.0,0.0,3.17,34.5,1.16,175.9,183.07
2004-04-01,82.7875,17.2125,2.4475,0.0,0.0,0.0,2.06,44.2,-0.49,175.98,183.13
2004-05-01,92.76,7.239999999999999,2.925,0.0,0.0,0.0,6.64,53.8,2.09,176.12,183.23
2004-06-01,100.0,0.0,0.0,0.0,0.0,0.0,3.27,62.0,1.94,176.31,183.35
2004-07-01,100.0,0.0,0.0,0.0,0.0,0.0,3.3,66.4,2.21,176.37,183.4
2004-08-01,90.97200000000001,9.028,0.0,0.0,0.0,0.0,3.17,63.2,2.21,176.33,183.42
2004-09-01,77.7975,22.202499999999997,0.0,0.0,0.0,0.0,1.07,63.3,-1.52,176.28,183.46
2004-10-01,23.0,77.0,22.7325,0.0,0.0,0.0,3.73,49.0,0.27,176.15,183.47
2004-11-01,64.392,35.608,5.488,0.0,0.0,0.0,2.79,38.2,0.14,176.1,183.46
2004-12-01,100.0,0.0,0.0,0.0,0.0,0.0,2.92,23.5,0.84,176.08,183.38
2005-01-01,100.0,0.0,0.0,0.0,0.0,0.0,2.93,18.0,1.59,176.08,183.32
2005-02-01,100.0,0.0,0.0,0.0,0.0,0.0,1.78,25.2,1.64,176.1,183.27
2005-03-01,100.0,0.0,0.0,0.0,0.0,0.0,1.2,27.3,-0.54,176.1,183.22
2005-04-01,48.815,51.185,0.0,0.0,0.0,0.0,1.36,46.4,-1.58,176.14,183.26
2005-05-01,10.558,89.44200000000001,4.3420000000000005,0.0,0.0,0.0,2.05,52.0,-2.03,176.19,183.31
2005-06-01,16.165,83.835,28.0825,0.0,0.0,0.0,2.87,69.4,-2.53,176.21,183.39
2005-07-01,25.215,74.785,35.17,12.9425,0.0,0.0,3.69,70.4,-2.21,176.19,183.42
2005-08-01,37.812,62.188,37.832,18.176,0.0,0.0,2.59,68.9,-2.72,176.17,183.38
2005-09-01,9.75,90.25,52.6025,29.685000000000002,0.0,0.0,3.58,63.7,-2.86,176.09,183.35
2005-10-01,14.7125,85.2875,29.0375,8.7925,0.0,0.0,1.73,50.6,-3.53,176.0,183.38
2005-11-01,32.174,67.826,19.362000000000002,6.279999999999999,0.0,0.0,4.15,37.5,-3.23,175.93,183.35
2005-12-01,63.54,36.46,12.24,3.49,0.0,0.0,1.96,23.1,-3.17,175.88,183.3
2006-01-01,78.56,21.44,3.6799999999999997,0.05800000000000001,0.0,0.0,3.0,29.9,0.89,175.88,183.24
2006-02-01,93.9,6.1000000000000005,1.7974999999999999,0.035,0.0,0.0,1.8,22.5,1.02,175.92,183.18
2006-03-01,98.485,1.5150000000000001,0.1875,0.0,0.0,0.0,2.21,32.4,1.04,175.93,183.12
2006-04-01,90.5325,9.4675,0.0,0.0,0.0,0.0,2.1,47.5,0.22,176.01,183.16
2006-05-01,81.61600000000001,18.384,7.328,0.0,0.0,0.0,4.63,56.1,0.96,176.09,183.24
2006-06-01,95.5275,4.4725,0.0,0.0,0.0,0.0,2.42,64.3,0.26,176.14,183.3
2006-07-01,68.67,31.330000000000002,10.92,1.7399999999999998,0.0,0.0,3.82,71.4,0.56,176.14,183.31
2006-08-01,88.90599999999999,11.094,1.714,0.0,0.0,0.0,3.13,67.7,0.3,176.13,183.3
2006-09-01,81.3475,18.6525,1.545,0.0,0.0,0.0,3.35,57.3,0.22,176.04,183.2
2006-10-01,72.89,27.110000000000003,12.943999999999999,0.0,0.0,0.0,4.2,44.7,1.08,175.99,183.13
2006-11-01,72.95,27.05,15.79,0.0,0.0,0.0,2.34,38.9,1.05,175.94,183.04
2006-12-01,68.625,31.375,19.5775,7.755,0.0,0.0,2.85,31.5,1.61,175.98,182.98
2007-01-01,68.386,31.613999999999997,23.77,15.51,0.0,0.0,2.19,24.1,1.77,176.0,182.92
2007-02-01,72.14,27.86,23.73,15.51,0.0,0.0,0.96,15.2,-0.39,175.91,182.83
2007-03-01,82.58,17.42,10.44,1.49,0.0,0.0,2.51,34.8,0.18,175.92,182.79
2007-04-01,88.1275,11.8725,1.9825,0.6575,0.0,0.0,3.0,41.8,0.44,176.02,182.85
2007-05-01,73.304,26.695999999999998,10.476,4.208,0.076,0.0,2.31,57.8,-0.72,176.06,182.87
2007-06-01,72.32,27.68,13.4825,2.2575,0.0,0.0,2.67,67.1,-1.33,176.08,182.94
2007-07-01,24.546,75.454,43.3,10.847999999999999,0.0,0.0,2.04,68.0,-2.05,176.05,183.0
2007-08-01,10.0625,89.9375,65.99000000000001,29.6625,12.39,0.0,4.11,68.8,-1.73,176.0,183.01
2007-09-01,32.74,67.25999999999999,39.16,19.95,3.945,0.0,2.84,61.8,-2.27,175.95,183.02
2007-10-01,33.882000000000005,66.11800000000001,35.254000000000005,7.68,0.0,0.0,3.8,54.4,-2.15,175.88,183.18
2007-11-01,30.28,69.72,18.225,0.0,0.0,0.0,1.61,35.2,-2.95,175.77,183.18
2007-12-01,34.13,65.87,15.33,0.0,0.0,0.0,2.62,24.1,-2.82,175.68,183.11
2008-01-01,43.368,56.63199999999999,5.2620000000000005,0.0,0.0,0.0,3.19,22.8,1.02,175.7,183.08
2008-02-01,76.495,23.505,0.315,0.0,0.0,0.0,2.56,18.2,1.69,175.76,183.03
2008-03-01,87.4,12.6,0.0,0.0,0.0,0.0,1.5,27.0,1.18,175.78,182.97
2008-04-01,94.976,5.024,0.0,0.0,0.0,0.0,3.32,45.7,1.25,175.92,183.01
2008-05-01,100.0,0.0,0.0,0.0,0.0,0.0,2.38,51.2,0.92,176.04,183.18
2008-06-01,95.3325,4.6675,0.0,0.0,0.0,0.0,4.69,64.8,1.54,176.16,183.29
2008-07-01,100.0,0.0,0.0,0.0,0.0,0.0,3.73,68.3,2.07,176.24,183.41
2008-08-01,79.4125,20.5875,0.44,0.0,0.0,0.0,1.67,66.5,1.07,176.22,183.42
2008-09-01,73.33200000000001,26.668,11.206,0.0,0.0,0.0,5.22,60.6,1.81,176.18,183.37
2008-10-01,71.76,28.240000000000002,17.97,2.8475,0.0,0.0,2.14,46.8,1.63,176.09,183.32
2008-11-01,67.5675,32.4325,21.6675,3.77,0.0,0.0,2.22,35.7,1.49,176.0,183.27
2008-12-01,71.97,28.03,18.881999999999998,3.906,0.0,0.0,4.23,20.8,2.87,175.97,183.19
2009-01-01,79.82,20.18,11.99,3.94,0.0,0.0,1.32,12.6,2.3,176.01,183.14
2009-02-01,80.00999999999999,19.990000000000002,10.47,3.9625000000000004,0.0,0.0,2.4,22.9,2.72,176.01,183.1
2009-03-01,80.2,19.8,10.462,3.9200000000000004,0.0,0.0,2.32,31.6,2.67,176.09,183.09
2009-04-01,70.2675,29.732499999999998,14.5675,2.94,0.0,0.0,3.94,43.1,3.17,176.2,183.12
2009-05-01,78.235,21.765,3.605,0.0,0.0,0.0,2.95,53.7,2.8,176.34,183.24
2009-06-01,83.96000000000001,16.04,5.172,0.0,0.0,0.0,3.53,62.5,2.69,176.42,183.3
2009-07-01,68.6575,31.342499999999998,18.0125,4.9,0.0,0.0,2.3,63.5,2.4,176.44,183.34
2009-08-01,61.0775,38.9225,17.345000000000002,6.1425,0.0,0.0,4.62,65.4,3.11,176.44,183.39
2009-09-01,77.216,22.784,14.172,5.837999999999999,0.0,0.0,1.81,60.8,1.9,176.37,183.42
2009-10-01,80.59,19.41,8.805,3.6175,0.0,0.0,5.25,44.6,3.17,176.29,183.36
2009-11-01,87.71,12.29,4.01,0.0,0.0,0.0,1.09,41.0,-0.61,176.27,183.35
2009-12-01,87.71,12.29,4.01,0.0,0.0,0.0,2.34,23.6,-0.2,176.22,183.3
2010-01-01,87.83749999999999,12.1625,3.6599999999999997,0.0,0.0,0.0,0.95,21.3,-0.71,176.15,183.21
2010-02-01,88.22,11.78,2.61,0.0,0.0,0.0,1.04,23.1,-0.98,176.11,183.14
2010-03-01,58.876,41.124,3.726,0.0,0.0,0.0,0.73,37.6,-2.12,176.09,183.09
2010-04-01,41.1375,58.8625,29.122500000000002,5.3575,0.0,0.0,2.09,49.0,-2.74,176.11,183.08
2010-05-01,45.515,54.485,36.11,18.285,1.4500000000000002,0.0,3.52,58.3,-0.05,176.13,183.08
2010-06-01,48.922000000000004,51.077999999999996,36.254,26.536,12.437999999999999,0.0,5.89,64.9,1.42,176.19,183.13
2010-07-01,53.7725,46.2275,30.11,10.5675,0.0,0.0,4.16,71.4,2.09,176.26,183.19
2010-08-01,61.529999999999994,38.470000000000006,19.974,5.614,0.0,0.0,2.37,70.7,1.3,176.24,183.2
2010-09-01,72.4025,27.5975,5.58,0.0,0.0,0.0,4.88,58.1,1.98,176.16,183.22
2010-10-01,77.575,22.425,0.0975,0.0,0.0,0.0,2.01,49.9,-0.21,176.07,183.19
2010-11-01,75.50399999999999,24.496,6.1739999999999995,0.0,0.0,0.0,2.15,37.8,-0.41,175.96,183.14
2010-12-01,89.93,10.07,0.3775,0.0,0.0,0.0,1.43,22.8,-0.59,175.86,183.07
2011-01-01,94.61500000000001,5.385,0.18,0.0,0.0,0.0,1.43,16.9,-0.73,175.81,183.0
2011-02-01,73.97749999999999,26.0225,0.135,0.0,0.0,0.0,1.53,21.3,0.02,175.78,182.93
2011-03-01,58.916,41.083999999999996,4.274,0.0,0.0,0.0,2.21,28.8,0.18,175.81,182.87
2011-04-01,60.21,39.79,21.41,0.0,0.0,0.0,5.44,42.0,1.96,175.91,182.91
2011-05-01,83.296,16.704,0.0,0.0,0.0,0.0,4.26,55.0,2.38,176.1,183.04
2011-06-01,97.56,2.44,0.0,0.0,0.0,0.0,3.65,64.2,2.27,176.21,183.15
2011-07-01,85.095,14.905,0.0,0.0,0.0,0.0,2.99,72.7,2.0,176.26,183.25
2011-08-01,69.16199999999999,30.838,1.848,0.0,0.0,0.0,3.16,68.3,1.56,176.24,183.28
2011-09-01,65.7975,34.2025,5.8625,1.5225,0.0,0.0,3.72,58.7,1.46,176.13,183.23
2011-10-01,82.7325,17.2675,2.885,0.245,0.0,0.0,3.37,49.7,1.53,176.08,183.21
2011-11-01,86.69,13.309999999999999,2.42,0.0,0.0,0.0,3.19,39.9,1.54,176.07,183.16
2011-12-01,85.91,14.09,2.42,0.0,0.0,0.0,1.87,29.9,1.44,176.04,183.09
2012-01-01,85.64,14.36,2.8,0.0,0.0,0.0,2.22,25.1,1.64,175.99,183.01
2012-02-01,85.64,14.36,2.8,0.0,0.0,0.0,1.31,28.4,-0.14,175.96,182.94
2012-03-01,85.64,14.36,2.8,0.0,0.0,0.0,2.59,44.7,-0.62,176.0,182.93
2012-04-01,79.595,20.405,2.8,0.0,0.0,0.0,1.89,43.9,-1.13,176.03,183.0
2012-05-01,72.372,27.628000000000004,8.512,0.0,0.0,0.0,3.0,59.0,-1.42,176.05,183.06
2012-06-01,55.527499999999996,44.472500000000004,12.475,0.035,0.0,0.0,3.0,66.5,-1.69,176.07,183.2
2012-07-01,21.613999999999997,78.386,31.375999999999998,14.3,0.72,0.0,3.59,73.5,-1.55,176.04,183.3
2012-08-01,11.3225,88.6775,29.310000000000002,7.977499999999999,0.31,0.0,2.73,67.5,-1.93,175.97,183.27
2012-09-01,12.1925,87.8075,8.4775,0.0,0.0,0.0,2.57,58.4,-2.36,175.86,183.2
2012-10-01,40.71,59.29,5.75,0.0,0.0,0.0,4.66,47.5,-1.36,175.74,183.12
2012-11-01,68.0,32.0,0.9525,0.0,0.0,0.0,0.99,36.2,-2.11,175.68,183.1
2012-12-01,60.38,39.62,3.42,0.0,0.0,0.0,2.45,30.4,0.11,175.61,183.05
2013-01-01,60.144000000000005,39.856,3.1,0.0,0.0,0.0,3.3,23.0,1.2,175.57,182.98
2013-02-01,60.02,39.98,1.2825,0.0,0.0,0.0,2.28,20.9,1.64,175.61,182.94
2013-03-01,84.0275,15.9725,1.2275,0.0,0.0,0.0,1.36,27.8,1.05,175.63,182.9
2013-04-01,95.406,4.593999999999999,0.496,0.0,0.0,0.0,5.72,39.5,3.1,175.75,182.92
2013-05-01,100.0,0.0,0.0,0.0,0.0,0.0,3.59,56.5,2.9,175.93,183.11
2013-06-01,100.0,0.0,0.0,0.0,0.0,0.0,3.68,63.8,2.79,176.05,183.26
2013-07-01,100.0,0.0,0.0,0.0,0.0,0.0,3.54,68.8,3.01,176.09,183.37
2013-08-01,92.745,7.255,0.0,0.0,0.0,0.0,3.0,66.6,2.63,176.08,183.44
2013-09-01,82.125,17.875,0.0,0.0,0.0,0.0,1.92,59.5,1.48,176.04,183.48
2013-10-01,62.516,37.483999999999995,0.0,0.0,0.0,0.0,3.82,48.8,1.73,176.01,183.45
2013-11-01,80.42,19.58,0.0,0.0,0.0,0.0,3.83,34.2,2.39,176.01,183.4
2013-12-01,94.78,5.22,0.0,0.0,0.0,0.0,2.19,19.3,2.4,175.97,183.35
2014-01-01,100.0,0.0,0.0,0.0,0.0,0.0,2.21,12.3,2.5,175.95,183.29
2014-02-01,100.0,0.0,0.0,0.0,0.0,0.0,1.58,12.7,2.3,175.95,183.24
2014-03-01,100.0,0.0,0.0,0.0,0.0,0.0,1.39,21.0,1.65,175.95,183.23
2014-04-01,100.0,0.0,0.0,0.0,0.0,0.0,3.82,41.2,2.32,176.06,183.27
2014-05-01,100.0,0.0,0.0,0.0,0.0,0.0,3.53,54.6,2.31,176.27,183.47
2014-06-01,100.0,0.0,0.0,0.0,0.0,0.0,3.82,65.2,2.25,176.38,183.6
2014-07-01,100.0,0.0,0.0,0.0,0.0,0.0,3.46,64.8,2.68,176.46,183.66
2014-08-01,91.6125,8.3875,0.0,0.0,0.0,0.0,3.56,66.0,2.76,176.48,183.67
2014-09-01,97.022,2.978,0.0,0.0,0.0,0.0,3.92,58.8,2.86,176.51,183.7
2014-10-01,97.64,2.36,0.0,0.0,0.0,0.0,4.09,47.5,3.58,176.54,183.71
2014-11-01,98.33,1.67,0.0,0.0,0.0,0.0,3.51,30.3,4.43,176.54,183.67
2014-12-01,100.0,0.0,0.0,0.0,0.0,0.0,1.77,28.2,-0.01,176.53,183.6
2015-01-01,99.97749999999999,0.0225,0.0,0.0,0.0,0.0,1.28,16.6,-0.31,176.51,183.54
2015-02-01,100.0,0.0,0.0,0.0,0.0,0.0,0.97,8.0,-0.67,176.5,183.47
2015-03-01,81.314,18.686,0.126,0.0,0.0,0.0,0.87,28.6,-1.36,176.48,183.42
2015-04-01,35.4,64.6,0.625,0.0,0.0,0.0,2.46,43.2,-1.39,176.53,183.44
2015-05-01,22.1625,77.8375,0.4575,0.0,0.0,0.0,4.14,57.2,-0.85,176.59,183.53
2015-06-01,84.596,15.404000000000002,0.0,0.0,0.0,0.0,4.06,62.5,-0.27,176.68,183.63
2015-07-01,88.195,11.805,0.0,0.0,0.0,0.0,2.49,67.9,-0.32,176.73,183.68
2015-08-01,80.765,19.235,0.0,0.0,0.0,0.0,3.31,66.9,-0.23,176.72,183.68
2015-09-01,80.66,19.339999999999996,0.0,0.0,0.0,0.0,2.91,64.6,-0.85,176.7,183.69
2015-10-01,45.9575,54.0425,6.5325,0.0,0.0,0.0,2.46,48.9,-1.05,176.58,183.6
2015-11-01,39.345,60.655,16.42,0.0,0.0,0.0,3.06,41.3,-1.25,176.54,183.58
2015-12-01,67.03,32.97,11.914,0.0,0.0,0.0,3.73,35.6,0.87,176.55,183.59
2016-01-01,88.655,11.345,0.0,0.0,0.0,0.0,1.73,22.3,0.78,176.57,183.55
2016-02-01,97.7475,2.2525,0.0,0.0,0.0,0.0,1.87,25.3,0.97,176.56,183.49
2016-03-01,100.0,0.0,0.0,0.0,0.0,0.0,3.65,36.1,1.74,176.61,183.46
2016-04-01,100.0,0.0,0.0,0.0,0.0,0.0,2.8,40.8,1.79,176.77,183.48
2016-05-01,99.556,0.44400000000000006,0.0,0.0,0.0,0.0,2.63,55.4,-0.36,176.82,183.5
2016-06-01,85.7425,14.2575,0.0,0.0,0.0,0.0,2.46,64.7,-0.94,176.84,183.61
2016-07-01,33.5875,66.4125,16.580000000000002,0.0,0.0,0.0,3.92,70.3,0.34,176.84,183.69
2016-08-01,55.708000000000006,44.292,5.6739999999999995,0.096,0.0,0.0,5.04,70.8,1.07,176.82,183.7
2016-09-01,83.3225,16.677500000000002,0.3675,0.0,0.0,0.0,3.96,63.5,0.96,176.78,183.7
2016-10-01,97.27,2.73,0.0,0.0,0.0,0.0,3.46,51.6,1.08,176.69,183.68
2016-11-01,100.0,0.0,0.0,0.0,0.0,0.0,2.04,42.6,-0.57,176.59,183.59
2016-12-01,100.0,0.0,0.0,0.0,0.0,0.0,2.3,25.0,0.22,176.51,183.54
2017-01-01,100.0,0.0,0.0,0.0,0.0,0.0,2.78,25.2,0.93,176.47,183.47
2017-02-01,100.0,0.0,0.0,0.0,0.0,0.0,2.02,29.9,1.22,176.48,183.43
2017-03-01,100.0,0.0,0.0,0.0,0.0,0.0,2.94,30.7,1.75,176.53,183.39
2017-04-01,100.0,0.0,0.0,0.0,0.0,0.0,4.39,47.2,2.32,176.66,183.41
2017-05-01,100.0,0.0,0.0,0.0,0.0,0.0,3.36,53.0,2.32,176.8,183.56
2017-06-01,92.9325,7.0675,0.0,0.0,0.0,0.0,4.72,65.3,2.78,176.88,183.67
2017-07-01,93.785,6.215,0.0,0.0,0.0,0.0,2.74,68.5,2.55,176.99,183.75
2017-08-01,86.52000000000001,13.48,0.0,0.0,0.0,0.0,3.5,65.2,2.6,177.0,183.78
2017-09-01,74.1075,25.8925,2.1125,0.0,0.0,0.0,1.57,62.6,1.14,176.93,183.8
2017-10-01,75.366,24.634,2.592,0.0,0.0,0.0,6.63,52.5,2.71,176.87,183.81
2017-11-01,100.0,0.0,0.0,0.0,0.0,0.0,2.74,34.5,3.1,176.85,183.78
2017-12-01,100.0,0.0,0.0,0.0,0.0,0.0,1.88,20.9,2.84,176.79,183.72
2018-01-01,100.0,0.0,0.0,0.0,0.0,0.0,1.74,20.0,2.56,176.73,183.65
2018-02-01,100.0,0.0,0.0,0.0,0.0,0.0,2.96,23.0,3.36,176.74,183.58
2018-03-01,94.635,5.365,0.0,0.0,0.0,0.0,1.13,29.6,2.43,176.76,183.54
2018-04-01,92.0325,7.9675,0.0,0.0,0.0,0.0,3.0,35.2,2.94,176.79,183.47
2018-05-01,90.064,9.936,0.0,0.0,0.0,0.0,4.26,60.2,2.88,176.92,183.5
2018-06-01,92.2425,7.7575,0.0,0.0,0.0,0.0,2.95,65.2,2.24,176.98,183.56
2018-07-01,52.318000000000005,47.682,11.458,0.0,0.0,0.0,2.62,70.5,1.7,176.98,183.65
2018-08-01,36.6875,63.3125,24.9475,2.68,0.0,0.0,4.47,69.8,1.94,176.94,183.65
2018-09-01,70.1675,29.8325,10.2425,0.0,0.0,0.0,3.54,62.4,1.49,176.94,183.7
2018-10-01,94.59,5.409999999999999,0.9359999999999999,0.0,0.0,0.0,5.14,45.9,2.58,176.89,183.77
2018-11-01,100.0,0.0,0.0,0.0,0.0,0.0,2.53,30.8,2.94,176.86,183.76
2018-12-01,100.0,0.0,0.0,0.0,0.0,0.0,1.83,28.7,2.67,176.83,183.67
2019-01-01,100.0,0.0,0.0,0.0,0.0,0.0,2.29,16.8,2.79,176.8,183.62
2019-02-01,100.0,0.0,0.0,0.0,0.0,0.0,2.93,19.9,3.55,176.82,183.58
2019-03-01,100.0,0.0,0.0,0.0,0.0,0.0,1.81,27.5,3.06,176.85,183.57
2019-04-01,100.0,0.0,0.0,0.0,0.0,0.0,3.65,42.5,3.38,176.96,183.61
2019-05-01,100.0,0.0,0.0,0.0,0.0,0.0,4.73,51.8,4.16,177.17,183.77
2019-06-01,100.0,0.0,0.0,0.0,0.0,0.0,4.13,62.5,4.27,177.31,183.84
2019-07-01,92.326,7.6739999999999995,0.0,0.0,0.0,0.0,2.99,70.9,3.92,177.37,183.86
2019-08-01,60.0775,39.9225,1.74,0.0,0.0,0.0,2.46,66.3,3.09,177.32,183.86
2019-09-01,53.485,46.515,10.315,0.0,0.0,0.0,5.19,62.3,3.49,177.27,183.86
2019-10-01,95.192,4.808,0.3,0.0,0.0,0.0,5.54,47.5,4.85,177.28,183.88
2019-11-01,100.0,0.0,0.0,0.0,0.0,0.0,2.69,30.8,5.09,177.26,183.81
2019-12-01,100.0,0.0,0.0,0.0,0.0,0.0,3.42,28.4,5.6,177.24,183.74
2020-01-01,100.0,0.0,0.0,0.0,0.0,0.0,2.84,27.0,5.8,177.26,183.71
2020-02-01,100.0,0.0,0.0,0.0,0.0,0.0,1.03,23.7,4.86,177.24,183.64
2020-03-01,100.0,0.0,0.0,0.0,0.0,0.0,2.83,35.0,4.74,177.22,183.57
2020-04-01,96.53,3.47,0.0,0.0,0.0,0.0,3.01,40.2,4.66,177.29,183.62
2020-05-01,97.675,2.325,0.0,0.0,0.0,0.0,4.06,53.2,4.82,177.37,183.64
2020-06-01,98.264,1.736,0.0,0.0,0.0,0.0,3.09,66.0,4.01,177.44,183.7
2020-07-01,62.645,37.355,4.095,0.0,0.0,0.0,3.93,72.5,4.02,177.45,183.76
2020-08-01,71.455,28.545,3.7175,0.0,0.0,0.0,3.83,68.6,3.81,177.42,183.81
2020-09-01,78.846,21.154,1.7559999999999998,0.0,0.0,0.0,3.08,58.2,3.23,177.34,183.79
2020-10-01,73.59,26.41,1.19,0.0,0.0,0.0,3.75,44.4,3.57,177.25,183.76
2020-11-01,79.825,20.175,0.185,0.0,0.0,0.0,2.17,41.1,-0.22,177.2,183.71
2020-12-01,86.282,13.718,0.0,0.0,0.0,0.0,1.69,28.6,-0.26,177.14,183.63
2021-01-01,83.185,16.814999999999998,0.0,0.0,0.0,0.0,1.05,25.0,-0.7,177.06,183.54
2021-02-01,66.0825,33.917500000000004,0.0,0.0,0.0,0.0,1.28,17.4,-0.78,176.99,183.46
2021-03-01,20.61,79.39,8.459999999999999,0.0,0.0,0.0,1.6,36.8,-1.29,176.94,183.42
2021-04-01,16.07,83.93,42.195,0.0,0.0,0.0,2.08,45.1,-1.71,176.94,183.48
2021-05-01,20.895,79.105,68.24,3.065,0.0,0.0,2.03,54.0,-2.14,176.95,183.51
2021-06-01,11.494,88.506,63.160000000000004,19.214,0.0,0.0,4.93,67.8,0.63,176.93,183.55
2021-07-01,56.379999999999995,43.620000000000005,12.245000000000001,1.9,0.0,0.0,4.14,68.7,1.45,177.0,183.56
2021-08-01,76.914,23.086000000000002,5.228,0.0,0.0,0.0,3.94,71.0,1.6,177.01,183.54
2021-09-01,71.3375,28.6625,5.9125,0.12,0.0,0.0,3.64,61.4,1.47,176.93,183.51
2021-10-01,74.5775,25.4225,3.3649999999999998,0.12,0.0,0.0,3.89,55.2,1.67,176.9,183.48
2021-11-01,63.088,36.912,10.12,0.12,0.0,0.0,1.76,36.3,1.24,176.77,183.38
2021-12-01,68.455,31.545,8.98,0.12,0.0,0.0,2.54,30.1,1.59,176.69,183.31
2022-01-01,72.69,27.310000000000002,7.640000000000001,0.03,0.0,0.0,0.95,15.4,0.89,176.6,183.24
2022-02-01,45.0275,54.9725,9.93,0.0,0.0,0.0,2.02,19.5,1.18,176.54,183.17
2022-03-01,53.056,46.944,9.8,0.0,0.0,0.0,3.38,31.0,2.02,176.53,183.15
2022-04-01,90.64,9.36,0.19,0.0,0.0,0.0,3.52,40.2,2.54,176.66,183.24
2022-05-01,94.36,5.64,0.0,0.0,0.0,0.0,3.25,57.6,-0.16,176.75,183.44
2022-06-01,91.9275,8.0725,0.0,0.0,0.0,0.0,2.64,65.0,-0.66,176.8,183.57
2022-07-01,58.195,41.805,7.279999999999999,0.0,0.0,0.0,2.96,69.2,-0.71,176.81,183.62
2022-08-01,69.11800000000001,30.881999999999998,8.065999999999999,0.0,0.0,0.0,4.09,68.2,-0.34,176.79,183.65
2022-09-01,66.2475,33.7525,5.71,0.0,0.0,0.0,2.46,60.9,-1.06,176.71,183.65
2022-10-01,53.7975,46.2025,7.3075,0.0,0.0,0.0,2.92,48.3,-1.07,176.6,183.6
2022-11-01,60.568,39.432,13.443999999999999,0.0,0.0,0.0,2.45,38.6,-1.5,176.55,183.6
2022-12-01,52.2525,47.7475,26.0175,7.2524999999999995,0.0,0.0,1.98,26.9,-1.56,176.46,183.57
2023-01-01,54.758,45.242000000000004,30.564,9.67,0.0,0.0,2.27,28.2,0.38,176.44,183.52
2023-02-01,59.5825,40.417500000000004,26.59,8.445,0.0,0.0,2.69,26.5,1.21,176.41,183.47
2023-03-01,86.8675,13.1325,6.4075,0.0,0.0,0.0,2.81,31.4,1.65,176.43,183.43
2023-04-01,98.72,1.28,0.0,0.0,0.0,0.0,3.99,44.9,2.15,176.56,183.48
2023-05-01,95.73400000000001,4.266,0.0,0.0,0.0,0.0,1.76,55.0,-0.83,176.69,183.67
2023-06-01,25.405,74.595,35.637499999999996,1.88,0.0,0.0,2.0,64.8,-1.7,176.68,183.68
2023-07-01,15.795000000000002,84.205,35.555,4.755,0.0,0.0,4.9,68.5,0.86,176.7,183.68
2023-08-01,52.408,47.592,11.5,2.2800000000000002,0.0,0.0,3.81,65.7,1.07,176.7,183.67
2023-09-01,69.385,30.615000000000002,4.27,1.3175000000000001,0.0,0.0,1.67,62.1,-1.24,176.64,183.63
2023-10-01,64.74,35.260000000000005,6.322,1.31,0.0,0.0,3.9,50.6,-0.88,176.56,183.55
2023-11-01,71.6575,28.3425,5.58,1.1949999999999998,0.0,0.0,1.73,36.3,-1.51,176.51,183.46
2023-12-01,47.365,52.635,6.0600000000000005,1.2,0.0,0.0,1.9,35.1,-1.77,176.44,183.37
2024-01-01,44.688,55.312,7.252000000000001,1.2,0.0,0.0,2.69,24.5,0.67,176.42,183.32
2024-02-01,33.0075,66.9925,21.2925,2.205,0.0,0.0,0.78,31.9,0.08,176.4,183.26
2024-03-01,20.73,79.27000000000001,25.255,3.4875,0.0,0.0,2.67,36.5,0.24,176.39,183.21
2024-04-01,55.048,44.952,13.48,3.064,0.0,0.0,3.77,46.4,0.63,176.46,183.24
2024-05-01,86.7975,13.2025,4.16,0.475,0.0,0.0,3.54,58.2,0.54,176.58,183.33
2024-06-01,93.77250000000001,6.2275,0.73,0.0,0.0,0.0,5.04,66.1,1.32,176.66,183.44
2024-07-01,94.85,5.15,0.0,0.0,0.0,0.0,3.94,68.9,1.98,176.73,183.52
2024-08-01,83.67750000000001,16.3225,0.06,0.0,0.0,0.0,3.26,67.9,1.94,176.68,183.48
2024-09-01,63.93,36.07,7.9,0.04,0.0,0.0,1.16,63.9,-1.45,176.57,183.45
2024-10-01,5.558,94.44200000000001,51.71,23.848,0.032,0.0,1.58,52.2,-2.28,176.42,183.34
2024-11-01,1.1,98.9,74.755,23.015,0.01,0.0,3.49,41.4,-2.47,176.33,183.3
2024-12-01,13.132,86.86800000000001,57.024,18.991999999999997,0.0,0.0,2.69,27.9,-2.12,176.23,183.25
