# global_attributes:title: Lake Michigan-Huron lake-wide average monthly mean water level.,,,
# global_attributes:source: Coordinated using data computed by Environment and Climate Change Canada (ECCC) and the United States Army Corps of Engineers (USACE) from hydrometric observations collected by the Canadian Hydrographic Service (CHS) and the National Oceanic and Atmospheric Administration (NOAA).,,,
,,,
# global_attributes:institution: The Coordinating Committee on Great Lakes Basic Hydraulic and Hydrologic Data.,,,
,,,
# global_attributes:summary: The Lake Michigan-Huron lake-wide average monthly mean water level is computed by ECCC and USACE from daily mean water level observations collected from gauges located around the lake and subsequently coordinated by the Coordinating Committee. The data are in meters with reference to IGLD 1985. ,,,
# global_attributes:comment: The lake-wide average monthly mean water levels for Lake Michigan-Huron are computed using hydrometric observations from four gauges located around the lake. The NOAA gauges are Harbor Beach MI Mackinaw City MI Ludington MI and Milwaukee WI. The CHS gauges are Thessalon and Tobermory. If there is no missing data at any of the six gauges the lake-wide average daily level is the mean of their daily levels. The lake-wide average monthly mean water level is then computed as the mean of the lake-wide average daily levels. If data is missing from a gauge for a given day then the data from that gauge is excluded and only a subset of the five gauges is used to compute the lake-wide average daily mean water level for that day. The logic used to determine the gauge subset is outlined in the accompanying detailed metadata PDF document.,,,
,,,
# global_attributes:time_coverage_start: 1918-01-01,,,
# global_attributes:time_coverage_end: 2024-12-31,,,
# global_attributes:Conventions: CF-1.10,,,
# variables:monthly_lakewide_average_water_level:dimensions: time,,,
# variables:monthly_lakewide_average_water_level:long_name: Lake Michigan-Huron lake-wide average monthly mean water level,,,
,,,
# variables:monthly_lakewide_average_water_level:units: m,,,
# variables:monthly_lakewide_average_water_level:units_long: meters with reference to IGLD 1985,,,
# variables:monthly_lakewide_average_water_level:cell_methods: time: mean,,,
# coordinates:region:dimensions: region,,,
# coordinates:region:value: great_lakes_lake_michigan-huron,,,
# coordinates:region:long_name: geographic region,,,
# coordinates:time:dimensions: time,,,
# coordinates:time:long_name: Time,,,
# coordinates:time:units: months since 1918-01-01,,,
# coordinates:time:bounds: time_bnds,,,
# coordinates:time_bnds:dimensions: time, nbnd,,
# coordinates:time_bnds:long_name: Aggregation start and end time for each time step,,,
time,time_bnds_start,time_bnds_end,monthly_lakewide_average_water_level
1/1/1918,1/1/1918,1/31/1918,176.71
2/1/1918,2/1/1918,2/28/1918,176.73
3/1/1918,3/1/1918,3/31/1918,176.8
4/1/1918,4/1/1918,4/30/1918,176.89
5/1/1918,5/1/1918,5/31/1918,176.99
6/1/1918,6/1/1918,6/30/1918,177.07
7/1/1918,7/1/1918,7/31/1918,177.07
8/1/1918,8/1/1918,8/31/1918,177.01
9/1/1918,9/1/1918,9/30/1918,176.94
10/1/1918,10/1/1918,10/31/1918,176.83
11/1/1918,11/1/1918,11/30/1918,176.82
12/1/1918,12/1/1918,12/31/1918,176.78
1/1/1919,1/1/1919,1/31/1919,176.74
2/1/1919,2/1/1919,2/28/1919,176.68
3/1/1919,3/1/1919,3/31/1919,176.68
4/1/1919,4/1/1919,4/30/1919,176.77
5/1/1919,5/1/1919,5/31/1919,176.89
6/1/1919,6/1/1919,6/30/1919,176.92
7/1/1919,7/1/1919,7/31/1919,176.88
8/1/1919,8/1/1919,8/31/1919,176.83
9/1/1919,9/1/1919,9/30/1919,176.72
10/1/1919,10/1/1919,10/31/1919,176.66
11/1/1919,11/1/1919,11/30/1919,176.62
12/1/1919,12/1/1919,12/31/1919,176.55
1/1/1920,1/1/1920,1/31/1920,176.5
2/1/1920,2/1/1920,2/29/1920,176.47
3/1/1920,3/1/1920,3/31/1920,176.49
4/1/1920,4/1/1920,4/30/1920,176.63
5/1/1920,5/1/1920,5/31/1920,176.68
6/1/1920,6/1/1920,6/30/1920,176.73
7/1/1920,7/1/1920,7/31/1920,176.79
8/1/1920,8/1/1920,8/31/1920,176.76
9/1/1920,9/1/1920,9/30/1920,176.73
10/1/1920,10/1/1920,10/31/1920,176.65
11/1/1920,11/1/1920,11/30/1920,176.57
12/1/1920,12/1/1920,12/31/1920,176.5
1/1/1921,1/1/1921,1/31/1921,176.44
2/1/1921,2/1/1921,2/28/1921,176.42
3/1/1921,3/1/1921,3/31/1921,176.42
4/1/1921,4/1/1921,4/30/1921,176.54
5/1/1921,5/1/1921,5/31/1921,176.63
6/1/1921,6/1/1921,6/30/1921,176.64
7/1/1921,7/1/1921,7/31/1921,176.6
8/1/1921,8/1/1921,8/31/1921,176.54
9/1/1921,9/1/1921,9/30/1921,176.5
10/1/1921,10/1/1921,10/31/1921,176.44
11/1/1921,11/1/1921,11/30/1921,176.35
12/1/1921,12/1/1921,12/31/1921,176.34
1/1/1922,1/1/1922,1/31/1922,176.27
2/1/1922,2/1/1922,2/28/1922,176.24
3/1/1922,3/1/1922,3/31/1922,176.28
4/1/1922,4/1/1922,4/30/1922,176.43
5/1/1922,5/1/1922,5/31/1922,176.57
6/1/1922,6/1/1922,6/30/1922,176.63
7/1/1922,7/1/1922,7/31/1922,176.67
8/1/1922,8/1/1922,8/31/1922,176.63
9/1/1922,9/1/1922,9/30/1922,176.56
10/1/1922,10/1/1922,10/31/1922,176.46
11/1/1922,11/1/1922,11/30/1922,176.35
12/1/1922,12/1/1922,12/31/1922,176.25
1/1/1923,1/1/1923,1/31/1923,176.16
2/1/1923,2/1/1923,2/28/1923,176.13
3/1/1923,3/1/1923,3/31/1923,176.15
4/1/1923,4/1/1923,4/30/1923,176.22
5/1/1923,5/1/1923,5/31/1923,176.34
6/1/1923,6/1/1923,6/30/1923,176.41
7/1/1923,7/1/1923,7/31/1923,176.42
8/1/1923,8/1/1923,8/31/1923,176.4
9/1/1923,9/1/1923,9/30/1923,176.36
10/1/1923,10/1/1923,10/31/1923,176.29
11/1/1923,11/1/1923,11/30/1923,176.18
12/1/1923,12/1/1923,12/31/1923,176.11
1/1/1924,1/1/1924,1/31/1924,176.06
2/1/1924,2/1/1924,2/29/1924,176.05
3/1/1924,3/1/1924,3/31/1924,176.06
4/1/1924,4/1/1924,4/30/1924,176.11
5/1/1924,5/1/1924,5/31/1924,176.24
6/1/1924,6/1/1924,6/30/1924,176.28
7/1/1924,7/1/1924,7/31/1924,176.33
8/1/1924,8/1/1924,8/31/1924,176.38
9/1/1924,9/1/1924,9/30/1924,176.33
10/1/1924,10/1/1924,10/31/1924,176.24
11/1/1924,11/1/1924,11/30/1924,176.12
12/1/1924,12/1/1924,12/31/1924,176.04
1/1/1925,1/1/1925,1/31/1925,175.95
2/1/1925,2/1/1925,2/28/1925,175.92
3/1/1925,3/1/1925,3/31/1925,175.94
4/1/1925,4/1/1925,4/30/1925,175.96
5/1/1925,5/1/1925,5/31/1925,175.98
6/1/1925,6/1/1925,6/30/1925,176
7/1/1925,7/1/1925,7/31/1925,176.03
8/1/1925,8/1/1925,8/31/1925,175.99
9/1/1925,9/1/1925,9/30/1925,175.92
10/1/1925,10/1/1925,10/31/1925,175.84
11/1/1925,11/1/1925,11/30/1925,175.76
12/1/1925,12/1/1925,12/31/1925,175.74
1/1/1926,1/1/1926,1/31/1926,175.69
2/1/1926,2/1/1926,2/28/1926,175.66
3/1/1926,3/1/1926,3/31/1926,175.69
4/1/1926,4/1/1926,4/30/1926,175.79
5/1/1926,5/1/1926,5/31/1926,175.88
6/1/1926,6/1/1926,6/30/1926,175.99
7/1/1926,7/1/1926,7/31/1926,176.02
8/1/1926,8/1/1926,8/31/1926,176.03
9/1/1926,9/1/1926,9/30/1926,176.02
10/1/1926,10/1/1926,10/31/1926,175.97
11/1/1926,11/1/1926,11/30/1926,175.93
12/1/1926,12/1/1926,12/31/1926,175.95
1/1/1927,1/1/1927,1/31/1927,175.92
2/1/1927,2/1/1927,2/28/1927,175.94
3/1/1927,3/1/1927,3/31/1927,176
4/1/1927,4/1/1927,4/30/1927,176.08
5/1/1927,5/1/1927,5/31/1927,176.2
6/1/1927,6/1/1927,6/30/1927,176.3
7/1/1927,7/1/1927,7/31/1927,176.34
8/1/1927,8/1/1927,8/31/1927,176.31
9/1/1927,9/1/1927,9/30/1927,176.22
10/1/1927,10/1/1927,10/31/1927,176.21
11/1/1927,11/1/1927,11/30/1927,176.14
12/1/1927,12/1/1927,12/31/1927,176.12
1/1/1928,1/1/1928,1/31/1928,176.1
2/1/1928,2/1/1928,2/29/1928,176.11
3/1/1928,3/1/1928,3/31/1928,176.15
4/1/1928,4/1/1928,4/30/1928,176.29
5/1/1928,5/1/1928,5/31/1928,176.44
6/1/1928,6/1/1928,6/30/1928,176.5
7/1/1928,7/1/1928,7/31/1928,176.59
8/1/1928,8/1/1928,8/31/1928,176.62
9/1/1928,9/1/1928,9/30/1928,176.6
10/1/1928,10/1/1928,10/31/1928,176.61
11/1/1928,11/1/1928,11/30/1928,176.65
12/1/1928,12/1/1928,12/31/1928,176.66
1/1/1929,1/1/1929,1/31/1929,176.65
2/1/1929,2/1/1929,2/28/1929,176.63
3/1/1929,3/1/1929,3/31/1929,176.65
4/1/1929,4/1/1929,4/30/1929,176.86
5/1/1929,5/1/1929,5/31/1929,177.07
6/1/1929,6/1/1929,6/30/1929,177.15
7/1/1929,7/1/1929,7/31/1929,177.18
8/1/1929,8/1/1929,8/31/1929,177.13
9/1/1929,9/1/1929,9/30/1929,177.03
10/1/1929,10/1/1929,10/31/1929,176.9
11/1/1929,11/1/1929,11/30/1929,176.82
12/1/1929,12/1/1929,12/31/1929,176.68
1/1/1930,1/1/1930,1/31/1930,176.64
2/1/1930,2/1/1930,2/28/1930,176.64
3/1/1930,3/1/1930,3/31/1930,176.66
4/1/1930,4/1/1930,4/30/1930,176.69
5/1/1930,5/1/1930,5/31/1930,176.76
6/1/1930,6/1/1930,6/30/1930,176.79
7/1/1930,7/1/1930,7/31/1930,176.84
8/1/1930,8/1/1930,8/31/1930,176.8
9/1/1930,9/1/1930,9/30/1930,176.69
10/1/1930,10/1/1930,10/31/1930,176.57
11/1/1930,11/1/1930,11/30/1930,176.42
12/1/1930,12/1/1930,12/31/1930,176.31
1/1/1931,1/1/1931,1/31/1931,176.21
2/1/1931,2/1/1931,2/28/1931,176.17
3/1/1931,3/1/1931,3/31/1931,176.16
4/1/1931,4/1/1931,4/30/1931,176.17
5/1/1931,5/1/1931,5/31/1931,176.19
6/1/1931,6/1/1931,6/30/1931,176.2
7/1/1931,7/1/1931,7/31/1931,176.2
8/1/1931,8/1/1931,8/31/1931,176.14
9/1/1931,9/1/1931,9/30/1931,176.05
10/1/1931,10/1/1931,10/31/1931,176.02
11/1/1931,11/1/1931,11/30/1931,175.97
12/1/1931,12/1/1931,12/31/1931,175.94
1/1/1932,1/1/1932,1/31/1932,175.94
2/1/1932,2/1/1932,2/29/1932,175.93
3/1/1932,3/1/1932,3/31/1932,175.91
4/1/1932,4/1/1932,4/30/1932,175.95
5/1/1932,5/1/1932,5/31/1932,176.02
6/1/1932,6/1/1932,6/30/1932,176.04
7/1/1932,7/1/1932,7/31/1932,176.05
8/1/1932,8/1/1932,8/31/1932,176.01
9/1/1932,9/1/1932,9/30/1932,175.95
10/1/1932,10/1/1932,10/31/1932,175.87
11/1/1932,11/1/1932,11/30/1932,175.84
12/1/1932,12/1/1932,12/31/1932,175.78
1/1/1933,1/1/1933,1/31/1933,175.74
2/1/1933,2/1/1933,2/28/1933,175.73
3/1/1933,3/1/1933,3/31/1933,175.73
4/1/1933,4/1/1933,4/30/1933,175.83
5/1/1933,5/1/1933,5/31/1933,175.99
6/1/1933,6/1/1933,6/30/1933,176.06
7/1/1933,7/1/1933,7/31/1933,176.08
8/1/1933,8/1/1933,8/31/1933,176.02
9/1/1933,9/1/1933,9/30/1933,175.92
10/1/1933,10/1/1933,10/31/1933,175.83
11/1/1933,11/1/1933,11/30/1933,175.76
12/1/1933,12/1/1933,12/31/1933,175.72
1/1/1934,1/1/1934,1/31/1934,175.7
2/1/1934,2/1/1934,2/28/1934,175.67
3/1/1934,3/1/1934,3/31/1934,175.67
4/1/1934,4/1/1934,4/30/1934,175.74
5/1/1934,5/1/1934,5/31/1934,175.81
6/1/1934,6/1/1934,6/30/1934,175.84
7/1/1934,7/1/1934,7/31/1934,175.87
8/1/1934,8/1/1934,8/31/1934,175.84
9/1/1934,9/1/1934,9/30/1934,175.82
10/1/1934,10/1/1934,10/31/1934,175.76
11/1/1934,11/1/1934,11/30/1934,175.72
12/1/1934,12/1/1934,12/31/1934,175.76
1/1/1935,1/1/1935,1/31/1935,175.74
2/1/1935,2/1/1935,2/28/1935,175.74
3/1/1935,3/1/1935,3/31/1935,175.78
4/1/1935,4/1/1935,4/30/1935,175.85
5/1/1935,5/1/1935,5/31/1935,175.91
6/1/1935,6/1/1935,6/30/1935,175.97
7/1/1935,7/1/1935,7/31/1935,176.05
8/1/1935,8/1/1935,8/31/1935,176.04
9/1/1935,9/1/1935,9/30/1935,175.96
10/1/1935,10/1/1935,10/31/1935,175.91
11/1/1935,11/1/1935,11/30/1935,175.89
12/1/1935,12/1/1935,12/31/1935,175.85
1/1/1936,1/1/1936,1/31/1936,175.83
2/1/1936,2/1/1936,2/29/1936,175.81
3/1/1936,3/1/1936,3/31/1936,175.85
4/1/1936,4/1/1936,4/30/1936,175.92
5/1/1936,5/1/1936,5/31/1936,176.01
6/1/1936,6/1/1936,6/30/1936,176.07
7/1/1936,7/1/1936,7/31/1936,176.06
8/1/1936,8/1/1936,8/31/1936,176
9/1/1936,9/1/1936,9/30/1936,176.02
10/1/1936,10/1/1936,10/31/1936,175.99
11/1/1936,11/1/1936,11/30/1936,175.91
12/1/1936,12/1/1936,12/31/1936,175.8
1/1/1937,1/1/1937,1/31/1937,175.82
2/1/1937,2/1/1937,2/28/1937,175.82
3/1/1937,3/1/1937,3/31/1937,175.84
4/1/1937,4/1/1937,4/30/1937,175.86
5/1/1937,5/1/1937,5/31/1937,176
6/1/1937,6/1/1937,6/30/1937,176.04
7/1/1937,7/1/1937,7/31/1937,176.06
8/1/1937,8/1/1937,8/31/1937,176.04
9/1/1937,9/1/1937,9/30/1937,176.01
10/1/1937,10/1/1937,10/31/1937,175.92
11/1/1937,11/1/1937,11/30/1937,175.86
12/1/1937,12/1/1937,12/31/1937,175.8
1/1/1938,1/1/1938,1/31/1938,175.76
2/1/1938,2/1/1938,2/28/1938,175.85
3/1/1938,3/1/1938,3/31/1938,175.92
4/1/1938,4/1/1938,4/30/1938,176.08
5/1/1938,5/1/1938,5/31/1938,176.16
6/1/1938,6/1/1938,6/30/1938,176.28
7/1/1938,7/1/1938,7/31/1938,176.33
8/1/1938,8/1/1938,8/31/1938,176.35
9/1/1938,9/1/1938,9/30/1938,176.34
10/1/1938,10/1/1938,10/31/1938,176.28
11/1/1938,11/1/1938,11/30/1938,176.21
12/1/1938,12/1/1938,12/31/1938,176.13
1/1/1939,1/1/1939,1/31/1939,176.07
2/1/1939,2/1/1939,2/28/1939,176.07
3/1/1939,3/1/1939,3/31/1939,176.1
4/1/1939,4/1/1939,4/30/1939,176.15
5/1/1939,5/1/1939,5/31/1939,176.29
6/1/1939,6/1/1939,6/30/1939,176.4
7/1/1939,7/1/1939,7/31/1939,176.45
8/1/1939,8/1/1939,8/31/1939,176.46
9/1/1939,9/1/1939,9/30/1939,176.44
10/1/1939,10/1/1939,10/31/1939,176.35
11/1/1939,11/1/1939,11/30/1939,176.27
12/1/1939,12/1/1939,12/31/1939,176.18
1/1/1940,1/1/1940,1/31/1940,176.09
2/1/1940,2/1/1940,2/29/1940,176.07
3/1/1940,3/1/1940,3/31/1940,176.03
4/1/1940,4/1/1940,4/30/1940,176.04
5/1/1940,5/1/1940,5/31/1940,176.12
6/1/1940,6/1/1940,6/30/1940,176.2
7/1/1940,7/1/1940,7/31/1940,176.25
8/1/1940,8/1/1940,8/31/1940,176.27
9/1/1940,9/1/1940,9/30/1940,176.26
10/1/1940,10/1/1940,10/31/1940,176.19
11/1/1940,11/1/1940,11/30/1940,176.11
12/1/1940,12/1/1940,12/31/1940,176.07
1/1/1941,1/1/1941,1/31/1941,176.08
2/1/1941,2/1/1941,2/28/1941,176.08
3/1/1941,3/1/1941,3/31/1941,176.06
4/1/1941,4/1/1941,4/30/1941,176.09
5/1/1941,5/1/1941,5/31/1941,176.17
6/1/1941,6/1/1941,6/30/1941,176.19
7/1/1941,7/1/1941,7/31/1941,176.16
8/1/1941,8/1/1941,8/31/1941,176.11
9/1/1941,9/1/1941,9/30/1941,176.09
10/1/1941,10/1/1941,10/31/1941,176.12
11/1/1941,11/1/1941,11/30/1941,176.17
12/1/1941,12/1/1941,12/31/1941,176.14
1/1/1942,1/1/1942,1/31/1942,176.12
2/1/1942,2/1/1942,2/28/1942,176.13
3/1/1942,3/1/1942,3/31/1942,176.17
4/1/1942,4/1/1942,4/30/1942,176.29
5/1/1942,5/1/1942,5/31/1942,176.38
6/1/1942,6/1/1942,6/30/1942,176.5
7/1/1942,7/1/1942,7/31/1942,176.52
8/1/1942,8/1/1942,8/31/1942,176.5
9/1/1942,9/1/1942,9/30/1942,176.44
10/1/1942,10/1/1942,10/31/1942,176.38
11/1/1942,11/1/1942,11/30/1942,176.33
12/1/1942,12/1/1942,12/31/1942,176.25
1/1/1943,1/1/1943,1/31/1943,176.25
2/1/1943,2/1/1943,2/28/1943,176.27
3/1/1943,3/1/1943,3/31/1943,176.33
4/1/1943,4/1/1943,4/30/1943,176.43
5/1/1943,5/1/1943,5/31/1943,176.58
6/1/1943,6/1/1943,6/30/1943,176.77
7/1/1943,7/1/1943,7/31/1943,176.88
8/1/1943,8/1/1943,8/31/1943,176.92
9/1/1943,9/1/1943,9/30/1943,176.88
10/1/1943,10/1/1943,10/31/1943,176.8
11/1/1943,11/1/1943,11/30/1943,176.75
12/1/1943,12/1/1943,12/31/1943,176.66
1/1/1944,1/1/1944,1/31/1944,176.57
2/1/1944,2/1/1944,2/29/1944,176.54
3/1/1944,3/1/1944,3/31/1944,176.54
4/1/1944,4/1/1944,4/30/1944,176.57
5/1/1944,5/1/1944,5/31/1944,176.64
6/1/1944,6/1/1944,6/30/1944,176.69
7/1/1944,7/1/1944,7/31/1944,176.72
8/1/1944,8/1/1944,8/31/1944,176.68
9/1/1944,9/1/1944,9/30/1944,176.64
10/1/1944,10/1/1944,10/31/1944,176.6
11/1/1944,11/1/1944,11/30/1944,176.52
12/1/1944,12/1/1944,12/31/1944,176.45
1/1/1945,1/1/1945,1/31/1945,176.36
2/1/1945,2/1/1945,2/28/1945,176.33
3/1/1945,3/1/1945,3/31/1945,176.36
4/1/1945,4/1/1945,4/30/1945,176.45
5/1/1945,5/1/1945,5/31/1945,176.55
6/1/1945,6/1/1945,6/30/1945,176.72
7/1/1945,7/1/1945,7/31/1945,176.78
8/1/1945,8/1/1945,8/31/1945,176.74
9/1/1945,9/1/1945,9/30/1945,176.7
10/1/1945,10/1/1945,10/31/1945,176.66
11/1/1945,11/1/1945,11/30/1945,176.62
12/1/1945,12/1/1945,12/31/1945,176.57
1/1/1946,1/1/1946,1/31/1946,176.56
2/1/1946,2/1/1946,2/28/1946,176.57
3/1/1946,3/1/1946,3/31/1946,176.65
4/1/1946,4/1/1946,4/30/1946,176.7
5/1/1946,5/1/1946,5/31/1946,176.7
6/1/1946,6/1/1946,6/30/1946,176.75
7/1/1946,7/1/1946,7/31/1946,176.77
8/1/1946,8/1/1946,8/31/1946,176.69
9/1/1946,9/1/1946,9/30/1946,176.6
10/1/1946,10/1/1946,10/31/1946,176.49
11/1/1946,11/1/1946,11/30/1946,176.42
12/1/1946,12/1/1946,12/31/1946,176.32
1/1/1947,1/1/1947,1/31/1947,176.28
2/1/1947,2/1/1947,2/28/1947,176.28
3/1/1947,3/1/1947,3/31/1947,176.25
4/1/1947,4/1/1947,4/30/1947,176.39
5/1/1947,5/1/1947,5/31/1947,176.57
6/1/1947,6/1/1947,6/30/1947,176.72
7/1/1947,7/1/1947,7/31/1947,176.8
8/1/1947,8/1/1947,8/31/1947,176.81
9/1/1947,9/1/1947,9/30/1947,176.77
10/1/1947,10/1/1947,10/31/1947,176.72
11/1/1947,11/1/1947,11/30/1947,176.65
12/1/1947,12/1/1947,12/31/1947,176.56
1/1/1948,1/1/1948,1/31/1948,176.48
2/1/1948,2/1/1948,2/29/1948,176.42
3/1/1948,3/1/1948,3/31/1948,176.47
4/1/1948,4/1/1948,4/30/1948,176.61
5/1/1948,5/1/1948,5/31/1948,176.72
6/1/1948,6/1/1948,6/30/1948,176.73
7/1/1948,7/1/1948,7/31/1948,176.72
8/1/1948,8/1/1948,8/31/1948,176.67
9/1/1948,9/1/1948,9/30/1948,176.57
10/1/1948,10/1/1948,10/31/1948,176.4
11/1/1948,11/1/1948,11/30/1948,176.32
12/1/1948,12/1/1948,12/31/1948,176.26
1/1/1949,1/1/1949,1/31/1949,176.2
2/1/1949,2/1/1949,2/28/1949,176.19
3/1/1949,3/1/1949,3/31/1949,176.19
4/1/1949,4/1/1949,4/30/1949,176.26
5/1/1949,5/1/1949,5/31/1949,176.31
6/1/1949,6/1/1949,6/30/1949,176.34
7/1/1949,7/1/1949,7/31/1949,176.38
8/1/1949,8/1/1949,8/31/1949,176.34
9/1/1949,9/1/1949,9/30/1949,176.22
10/1/1949,10/1/1949,10/31/1949,176.14
11/1/1949,11/1/1949,11/30/1949,176.02
12/1/1949,12/1/1949,12/31/1949,175.94
1/1/1950,1/1/1950,1/31/1950,175.96
2/1/1950,2/1/1950,2/28/1950,175.99
3/1/1950,3/1/1950,3/31/1950,176.02
4/1/1950,4/1/1950,4/30/1950,176.17
5/1/1950,5/1/1950,5/31/1950,176.27
6/1/1950,6/1/1950,6/30/1950,176.34
7/1/1950,7/1/1950,7/31/1950,176.42
8/1/1950,8/1/1950,8/31/1950,176.44
9/1/1950,9/1/1950,9/30/1950,176.43
10/1/1950,10/1/1950,10/31/1950,176.4
11/1/1950,11/1/1950,11/30/1950,176.34
12/1/1950,12/1/1950,12/31/1950,176.35
1/1/1951,1/1/1951,1/31/1951,176.34
2/1/1951,2/1/1951,2/28/1951,176.34
3/1/1951,3/1/1951,3/31/1951,176.41
4/1/1951,4/1/1951,4/30/1951,176.58
5/1/1951,5/1/1951,5/31/1951,176.75
6/1/1951,6/1/1951,6/30/1951,176.82
7/1/1951,7/1/1951,7/31/1951,176.91
8/1/1951,8/1/1951,8/31/1951,176.93
9/1/1951,9/1/1951,9/30/1951,176.92
10/1/1951,10/1/1951,10/31/1951,176.93
11/1/1951,11/1/1951,11/30/1951,176.95
12/1/1951,12/1/1951,12/31/1951,176.95
1/1/1952,1/1/1952,1/31/1952,176.95
2/1/1952,2/1/1952,2/29/1952,176.96
3/1/1952,3/1/1952,3/31/1952,176.96
4/1/1952,4/1/1952,4/30/1952,177.08
5/1/1952,5/1/1952,5/31/1952,177.17
6/1/1952,6/1/1952,6/30/1952,177.22
7/1/1952,7/1/1952,7/31/1952,177.26
8/1/1952,8/1/1952,8/31/1952,177.28
9/1/1952,9/1/1952,9/30/1952,177.22
10/1/1952,10/1/1952,10/31/1952,177.06
11/1/1952,11/1/1952,11/30/1952,176.94
12/1/1952,12/1/1952,12/31/1952,176.92
1/1/1953,1/1/1953,1/31/1953,176.85
2/1/1953,2/1/1953,2/28/1953,176.82
3/1/1953,3/1/1953,3/31/1953,176.83
4/1/1953,4/1/1953,4/30/1953,176.91
5/1/1953,5/1/1953,5/31/1953,177
6/1/1953,6/1/1953,6/30/1953,177.07
7/1/1953,7/1/1953,7/31/1953,177.12
8/1/1953,8/1/1953,8/31/1953,177.11
9/1/1953,9/1/1953,9/30/1953,177.02
10/1/1953,10/1/1953,10/31/1953,176.92
11/1/1953,11/1/1953,11/30/1953,176.81
12/1/1953,12/1/1953,12/31/1953,176.74
1/1/1954,1/1/1954,1/31/1954,176.63
2/1/1954,2/1/1954,2/28/1954,176.6
3/1/1954,3/1/1954,3/31/1954,176.64
4/1/1954,4/1/1954,4/30/1954,176.71
5/1/1954,5/1/1954,5/31/1954,176.83
6/1/1954,6/1/1954,6/30/1954,176.92
7/1/1954,7/1/1954,7/31/1954,176.96
8/1/1954,8/1/1954,8/31/1954,176.94
9/1/1954,9/1/1954,9/30/1954,176.9
10/1/1954,10/1/1954,10/31/1954,176.98
11/1/1954,11/1/1954,11/30/1954,176.95
12/1/1954,12/1/1954,12/31/1954,176.89
1/1/1955,1/1/1955,1/31/1955,176.83
2/1/1955,2/1/1955,2/28/1955,176.78
3/1/1955,3/1/1955,3/31/1955,176.76
4/1/1955,4/1/1955,4/30/1955,176.82
5/1/1955,5/1/1955,5/31/1955,176.88
6/1/1955,6/1/1955,6/30/1955,176.91
7/1/1955,7/1/1955,7/31/1955,176.88
8/1/1955,8/1/1955,8/31/1955,176.79
9/1/1955,9/1/1955,9/30/1955,176.64
10/1/1955,10/1/1955,10/31/1955,176.54
11/1/1955,11/1/1955,11/30/1955,176.46
12/1/1955,12/1/1955,12/31/1955,176.38
1/1/1956,1/1/1956,1/31/1956,176.31
2/1/1956,2/1/1956,2/29/1956,176.3
3/1/1956,3/1/1956,3/31/1956,176.32
4/1/1956,4/1/1956,4/30/1956,176.37
5/1/1956,5/1/1956,5/31/1956,176.5
6/1/1956,6/1/1956,6/30/1956,176.57
7/1/1956,7/1/1956,7/31/1956,176.62
8/1/1956,8/1/1956,8/31/1956,176.62
9/1/1956,9/1/1956,9/30/1956,176.56
10/1/1956,10/1/1956,10/31/1956,176.45
11/1/1956,11/1/1956,11/30/1956,176.37
12/1/1956,12/1/1956,12/31/1956,176.29
1/1/1957,1/1/1957,1/31/1957,176.22
2/1/1957,2/1/1957,2/28/1957,176.19
3/1/1957,3/1/1957,3/31/1957,176.17
4/1/1957,4/1/1957,4/30/1957,176.2
5/1/1957,5/1/1957,5/31/1957,176.28
6/1/1957,6/1/1957,6/30/1957,176.35
7/1/1957,7/1/1957,7/31/1957,176.43
8/1/1957,8/1/1957,8/31/1957,176.38
9/1/1957,9/1/1957,9/30/1957,176.33
10/1/1957,10/1/1957,10/31/1957,176.24
11/1/1957,11/1/1957,11/30/1957,176.21
12/1/1957,12/1/1957,12/31/1957,176.16
1/1/1958,1/1/1958,1/31/1958,176.15
2/1/1958,2/1/1958,2/28/1958,176.13
3/1/1958,3/1/1958,3/31/1958,176.12
4/1/1958,4/1/1958,4/30/1958,176.14
5/1/1958,5/1/1958,5/31/1958,176.12
6/1/1958,6/1/1958,6/30/1958,176.12
7/1/1958,7/1/1958,7/31/1958,176.15
8/1/1958,8/1/1958,8/31/1958,176.11
9/1/1958,9/1/1958,9/30/1958,176.07
10/1/1958,10/1/1958,10/31/1958,175.98
11/1/1958,11/1/1958,11/30/1958,175.91
12/1/1958,12/1/1958,12/31/1958,175.81
1/1/1959,1/1/1959,1/31/1959,175.75
2/1/1959,2/1/1959,2/28/1959,175.75
3/1/1959,3/1/1959,3/31/1959,175.79
4/1/1959,4/1/1959,4/30/1959,175.92
5/1/1959,5/1/1959,5/31/1959,176.06
6/1/1959,6/1/1959,6/30/1959,176.11
7/1/1959,7/1/1959,7/31/1959,176.12
8/1/1959,8/1/1959,8/31/1959,176.12
9/1/1959,9/1/1959,9/30/1959,176.1
10/1/1959,10/1/1959,10/31/1959,176.1
11/1/1959,11/1/1959,11/30/1959,176.13
12/1/1959,12/1/1959,12/31/1959,176.12
1/1/1960,1/1/1960,1/31/1960,176.14
2/1/1960,2/1/1960,2/29/1960,176.16
3/1/1960,3/1/1960,3/31/1960,176.14
4/1/1960,4/1/1960,4/30/1960,176.24
5/1/1960,5/1/1960,5/31/1960,176.5
6/1/1960,6/1/1960,6/30/1960,176.64
7/1/1960,7/1/1960,7/31/1960,176.72
8/1/1960,8/1/1960,8/31/1960,176.77
9/1/1960,9/1/1960,9/30/1960,176.73
10/1/1960,10/1/1960,10/31/1960,176.64
11/1/1960,11/1/1960,11/30/1960,176.57
12/1/1960,12/1/1960,12/31/1960,176.48
1/1/1961,1/1/1961,1/31/1961,176.38
2/1/1961,2/1/1961,2/28/1961,176.31
3/1/1961,3/1/1961,3/31/1961,176.33
4/1/1961,4/1/1961,4/30/1961,176.36
5/1/1961,5/1/1961,5/31/1961,176.42
6/1/1961,6/1/1961,6/30/1961,176.44
7/1/1961,7/1/1961,7/31/1961,176.46
8/1/1961,8/1/1961,8/31/1961,176.45
9/1/1961,9/1/1961,9/30/1961,176.43
10/1/1961,10/1/1961,10/31/1961,176.38
11/1/1961,11/1/1961,11/30/1961,176.32
12/1/1961,12/1/1961,12/31/1961,176.26
1/1/1962,1/1/1962,1/31/1962,176.2
2/1/1962,2/1/1962,2/28/1962,176.17
3/1/1962,3/1/1962,3/31/1962,176.19
4/1/1962,4/1/1962,4/30/1962,176.26
5/1/1962,5/1/1962,5/31/1962,176.34
6/1/1962,6/1/1962,6/30/1962,176.37
7/1/1962,7/1/1962,7/31/1962,176.36
8/1/1962,8/1/1962,8/31/1962,176.32
9/1/1962,9/1/1962,9/30/1962,176.26
10/1/1962,10/1/1962,10/31/1962,176.17
11/1/1962,11/1/1962,11/30/1962,176.06
12/1/1962,12/1/1962,12/31/1962,175.97
1/1/1963,1/1/1963,1/31/1963,175.89
2/1/1963,2/1/1963,2/28/1963,175.85
3/1/1963,3/1/1963,3/31/1963,175.85
4/1/1963,4/1/1963,4/30/1963,175.94
5/1/1963,5/1/1963,5/31/1963,176.02
6/1/1963,6/1/1963,6/30/1963,176.06
7/1/1963,7/1/1963,7/31/1963,176.04
8/1/1963,8/1/1963,8/31/1963,176.03
9/1/1963,9/1/1963,9/30/1963,175.98
10/1/1963,10/1/1963,10/31/1963,175.9
11/1/1963,11/1/1963,11/30/1963,175.8
12/1/1963,12/1/1963,12/31/1963,175.71
1/1/1964,1/1/1964,1/31/1964,175.63
2/1/1964,2/1/1964,2/29/1964,175.59
3/1/1964,3/1/1964,3/31/1964,175.58
4/1/1964,4/1/1964,4/30/1964,175.61
5/1/1964,5/1/1964,5/31/1964,175.74
6/1/1964,6/1/1964,6/30/1964,175.76
7/1/1964,7/1/1964,7/31/1964,175.78
8/1/1964,8/1/1964,8/31/1964,175.77
9/1/1964,9/1/1964,9/30/1964,175.76
10/1/1964,10/1/1964,10/31/1964,175.7
11/1/1964,11/1/1964,11/30/1964,175.65
12/1/1964,12/1/1964,12/31/1964,175.62
1/1/1965,1/1/1965,1/31/1965,175.6
2/1/1965,2/1/1965,2/28/1965,175.62
3/1/1965,3/1/1965,3/31/1965,175.67
4/1/1965,4/1/1965,4/30/1965,175.77
5/1/1965,5/1/1965,5/31/1965,175.94
6/1/1965,6/1/1965,6/30/1965,176
7/1/1965,7/1/1965,7/31/1965,176.02
8/1/1965,8/1/1965,8/31/1965,176.04
9/1/1965,9/1/1965,9/30/1965,176.07
10/1/1965,10/1/1965,10/31/1965,176.1
11/1/1965,11/1/1965,11/30/1965,176.07
12/1/1965,12/1/1965,12/31/1965,176.09
1/1/1966,1/1/1966,1/31/1966,176.1
2/1/1966,2/1/1966,2/28/1966,176.08
3/1/1966,3/1/1966,3/31/1966,176.13
4/1/1966,4/1/1966,4/30/1966,176.2
5/1/1966,5/1/1966,5/31/1966,176.26
6/1/1966,6/1/1966,6/30/1966,176.3
7/1/1966,7/1/1966,7/31/1966,176.28
8/1/1966,8/1/1966,8/31/1966,176.24
9/1/1966,9/1/1966,9/30/1966,176.17
10/1/1966,10/1/1966,10/31/1966,176.08
11/1/1966,11/1/1966,11/30/1966,176.01
12/1/1966,12/1/1966,12/31/1966,176.08
1/1/1967,1/1/1967,1/31/1967,176.07
2/1/1967,2/1/1967,2/28/1967,176.07
3/1/1967,3/1/1967,3/31/1967,176.06
4/1/1967,4/1/1967,4/30/1967,176.23
5/1/1967,5/1/1967,5/31/1967,176.35
6/1/1967,6/1/1967,6/30/1967,176.45
7/1/1967,7/1/1967,7/31/1967,176.5
8/1/1967,8/1/1967,8/31/1967,176.48
9/1/1967,9/1/1967,9/30/1967,176.4
10/1/1967,10/1/1967,10/31/1967,176.34
11/1/1967,11/1/1967,11/30/1967,176.34
12/1/1967,12/1/1967,12/31/1967,176.32
1/1/1968,1/1/1968,1/31/1968,176.29
2/1/1968,2/1/1968,2/29/1968,176.3
3/1/1968,3/1/1968,3/31/1968,176.27
4/1/1968,4/1/1968,4/30/1968,176.35
5/1/1968,5/1/1968,5/31/1968,176.4
6/1/1968,6/1/1968,6/30/1968,176.47
7/1/1968,7/1/1968,7/31/1968,176.55
8/1/1968,8/1/1968,8/31/1968,176.58
9/1/1968,9/1/1968,9/30/1968,176.6
10/1/1968,10/1/1968,10/31/1968,176.57
11/1/1968,11/1/1968,11/30/1968,176.5
12/1/1968,12/1/1968,12/31/1968,176.48
1/1/1969,1/1/1969,1/31/1969,176.47
2/1/1969,2/1/1969,2/28/1969,176.47
3/1/1969,3/1/1969,3/31/1969,176.45
4/1/1969,4/1/1969,4/30/1969,176.54
5/1/1969,5/1/1969,5/31/1969,176.7
6/1/1969,6/1/1969,6/30/1969,176.82
7/1/1969,7/1/1969,7/31/1969,176.94
8/1/1969,8/1/1969,8/31/1969,176.95
9/1/1969,9/1/1969,9/30/1969,176.86
10/1/1969,10/1/1969,10/31/1969,176.78
11/1/1969,11/1/1969,11/30/1969,176.73
12/1/1969,12/1/1969,12/31/1969,176.64
1/1/1970,1/1/1970,1/31/1970,176.59
2/1/1970,2/1/1970,2/28/1970,176.56
3/1/1970,3/1/1970,3/31/1970,176.53
4/1/1970,4/1/1970,4/30/1970,176.58
5/1/1970,5/1/1970,5/31/1970,176.68
6/1/1970,6/1/1970,6/30/1970,176.76
7/1/1970,7/1/1970,7/31/1970,176.8
8/1/1970,8/1/1970,8/31/1970,176.78
9/1/1970,9/1/1970,9/30/1970,176.77
10/1/1970,10/1/1970,10/31/1970,176.73
11/1/1970,11/1/1970,11/30/1970,176.69
12/1/1970,12/1/1970,12/31/1970,176.67
1/1/1971,1/1/1971,1/31/1971,176.63
2/1/1971,2/1/1971,2/28/1971,176.62
3/1/1971,3/1/1971,3/31/1971,176.68
4/1/1971,4/1/1971,4/30/1971,176.76
5/1/1971,5/1/1971,5/31/1971,176.86
6/1/1971,6/1/1971,6/30/1971,176.94
7/1/1971,7/1/1971,7/31/1971,176.96
8/1/1971,8/1/1971,8/31/1971,176.96
9/1/1971,9/1/1971,9/30/1971,176.9
10/1/1971,10/1/1971,10/31/1971,176.84
11/1/1971,11/1/1971,11/30/1971,176.76
12/1/1971,12/1/1971,12/31/1971,176.75
1/1/1972,1/1/1972,1/31/1972,176.73
2/1/1972,2/1/1972,2/29/1972,176.65
3/1/1972,3/1/1972,3/31/1972,176.65
4/1/1972,4/1/1972,4/30/1972,176.72
5/1/1972,5/1/1972,5/31/1972,176.88
6/1/1972,6/1/1972,6/30/1972,176.93
7/1/1972,7/1/1972,7/31/1972,176.99
8/1/1972,8/1/1972,8/31/1972,177.05
9/1/1972,9/1/1972,9/30/1972,177.07
10/1/1972,10/1/1972,10/31/1972,177.03
11/1/1972,11/1/1972,11/30/1972,177
12/1/1972,12/1/1972,12/31/1972,176.96
1/1/1973,1/1/1973,1/31/1973,176.98
2/1/1973,2/1/1973,2/28/1973,176.95
3/1/1973,3/1/1973,3/31/1973,176.98
4/1/1973,4/1/1973,4/30/1973,177.1
5/1/1973,5/1/1973,5/31/1973,177.2
6/1/1973,6/1/1973,6/30/1973,177.3
7/1/1973,7/1/1973,7/31/1973,177.3
8/1/1973,8/1/1973,8/31/1973,177.29
9/1/1973,9/1/1973,9/30/1973,177.21
10/1/1973,10/1/1973,10/31/1973,177.13
11/1/1973,11/1/1973,11/30/1973,177.04
12/1/1973,12/1/1973,12/31/1973,177
1/1/1974,1/1/1974,1/31/1974,176.95
2/1/1974,2/1/1974,2/28/1974,176.97
3/1/1974,3/1/1974,3/31/1974,177
4/1/1974,4/1/1974,4/30/1974,177.07
5/1/1974,5/1/1974,5/31/1974,177.19
6/1/1974,6/1/1974,6/30/1974,177.28
7/1/1974,7/1/1974,7/31/1974,177.32
8/1/1974,8/1/1974,8/31/1974,177.26
9/1/1974,9/1/1974,9/30/1974,177.15
10/1/1974,10/1/1974,10/31/1974,177.04
11/1/1974,11/1/1974,11/30/1974,176.98
12/1/1974,12/1/1974,12/31/1974,176.91
1/1/1975,1/1/1975,1/31/1975,176.87
2/1/1975,2/1/1975,2/28/1975,176.86
3/1/1975,3/1/1975,3/31/1975,176.87
4/1/1975,4/1/1975,4/30/1975,176.92
5/1/1975,5/1/1975,5/31/1975,177.06
6/1/1975,6/1/1975,6/30/1975,177.14
7/1/1975,7/1/1975,7/31/1975,177.15
8/1/1975,8/1/1975,8/31/1975,177.1
9/1/1975,9/1/1975,9/30/1975,177.07
10/1/1975,10/1/1975,10/31/1975,176.95
11/1/1975,11/1/1975,11/30/1975,176.87
12/1/1975,12/1/1975,12/31/1975,176.82
1/1/1976,1/1/1976,1/31/1976,176.76
2/1/1976,2/1/1976,2/29/1976,176.75
3/1/1976,3/1/1976,3/31/1976,176.87
4/1/1976,4/1/1976,4/30/1976,177.02
5/1/1976,5/1/1976,5/31/1976,177.11
6/1/1976,6/1/1976,6/30/1976,177.15
7/1/1976,7/1/1976,7/31/1976,177.15
8/1/1976,8/1/1976,8/31/1976,177.08
9/1/1976,9/1/1976,9/30/1976,176.95
10/1/1976,10/1/1976,10/31/1976,176.8
11/1/1976,11/1/1976,11/30/1976,176.64
12/1/1976,12/1/1976,12/31/1976,176.51
1/1/1977,1/1/1977,1/31/1977,176.42
2/1/1977,2/1/1977,2/28/1977,176.38
3/1/1977,3/1/1977,3/31/1977,176.44
4/1/1977,4/1/1977,4/30/1977,176.56
5/1/1977,5/1/1977,5/31/1977,176.57
6/1/1977,6/1/1977,6/30/1977,176.55
7/1/1977,7/1/1977,7/31/1977,176.56
8/1/1977,8/1/1977,8/31/1977,176.54
9/1/1977,9/1/1977,9/30/1977,176.53
10/1/1977,10/1/1977,10/31/1977,176.5
11/1/1977,11/1/1977,11/30/1977,176.5
12/1/1977,12/1/1977,12/31/1977,176.51
1/1/1978,1/1/1978,1/31/1978,176.48
2/1/1978,2/1/1978,2/28/1978,176.45
3/1/1978,3/1/1978,3/31/1978,176.43
4/1/1978,4/1/1978,4/30/1978,176.51
5/1/1978,5/1/1978,5/31/1978,176.61
6/1/1978,6/1/1978,6/30/1978,176.67
7/1/1978,7/1/1978,7/31/1978,176.69
8/1/1978,8/1/1978,8/31/1978,176.68
9/1/1978,9/1/1978,9/30/1978,176.71
10/1/1978,10/1/1978,10/31/1978,176.7
11/1/1978,11/1/1978,11/30/1978,176.62
12/1/1978,12/1/1978,12/31/1978,176.54
1/1/1979,1/1/1979,1/31/1979,176.51
2/1/1979,2/1/1979,2/28/1979,176.48
3/1/1979,3/1/1979,3/31/1979,176.54
4/1/1979,4/1/1979,4/30/1979,176.71
5/1/1979,5/1/1979,5/31/1979,176.88
6/1/1979,6/1/1979,6/30/1979,176.95
7/1/1979,7/1/1979,7/31/1979,176.98
8/1/1979,8/1/1979,8/31/1979,177
9/1/1979,9/1/1979,9/30/1979,176.96
10/1/1979,10/1/1979,10/31/1979,176.88
11/1/1979,11/1/1979,11/30/1979,176.83
12/1/1979,12/1/1979,12/31/1979,176.81
1/1/1980,1/1/1980,1/31/1980,176.78
2/1/1980,2/1/1980,2/29/1980,176.72
3/1/1980,3/1/1980,3/31/1980,176.68
4/1/1980,4/1/1980,4/30/1980,176.77
5/1/1980,5/1/1980,5/31/1980,176.84
6/1/1980,6/1/1980,6/30/1980,176.9
7/1/1980,7/1/1980,7/31/1980,176.93
8/1/1980,8/1/1980,8/31/1980,176.93
9/1/1980,9/1/1980,9/30/1980,176.9
10/1/1980,10/1/1980,10/31/1980,176.82
11/1/1980,11/1/1980,11/30/1980,176.72
12/1/1980,12/1/1980,12/31/1980,176.65
1/1/1981,1/1/1981,1/31/1981,176.59
2/1/1981,2/1/1981,2/28/1981,176.56
3/1/1981,3/1/1981,3/31/1981,176.6
4/1/1981,4/1/1981,4/30/1981,176.67
5/1/1981,5/1/1981,5/31/1981,176.75
6/1/1981,6/1/1981,6/30/1981,176.8
7/1/1981,7/1/1981,7/31/1981,176.82
8/1/1981,8/1/1981,8/31/1981,176.81
9/1/1981,9/1/1981,9/30/1981,176.8
10/1/1981,10/1/1981,10/31/1981,176.73
11/1/1981,11/1/1981,11/30/1981,176.66
12/1/1981,12/1/1981,12/31/1981,176.59
1/1/1982,1/1/1982,1/31/1982,176.51
2/1/1982,2/1/1982,2/28/1982,176.46
3/1/1982,3/1/1982,3/31/1982,176.45
4/1/1982,4/1/1982,4/30/1982,176.56
5/1/1982,5/1/1982,5/31/1982,176.62
6/1/1982,6/1/1982,6/30/1982,176.66
7/1/1982,7/1/1982,7/31/1982,176.69
8/1/1982,8/1/1982,8/31/1982,176.69
9/1/1982,9/1/1982,9/30/1982,176.65
10/1/1982,10/1/1982,10/31/1982,176.62
11/1/1982,11/1/1982,11/30/1982,176.6
12/1/1982,12/1/1982,12/31/1982,176.67
1/1/1983,1/1/1983,1/31/1983,176.67
2/1/1983,2/1/1983,2/28/1983,176.66
3/1/1983,3/1/1983,3/31/1983,176.68
4/1/1983,4/1/1983,4/30/1983,176.76
5/1/1983,5/1/1983,5/31/1983,176.9
6/1/1983,6/1/1983,6/30/1983,177.02
7/1/1983,7/1/1983,7/31/1983,177.02
8/1/1983,8/1/1983,8/31/1983,176.98
9/1/1983,9/1/1983,9/30/1983,176.93
10/1/1983,10/1/1983,10/31/1983,176.87
11/1/1983,11/1/1983,11/30/1983,176.77
12/1/1983,12/1/1983,12/31/1983,176.74
1/1/1984,1/1/1984,1/31/1984,176.7
2/1/1984,2/1/1984,2/29/1984,176.7
3/1/1984,3/1/1984,3/31/1984,176.72
4/1/1984,4/1/1984,4/30/1984,176.81
5/1/1984,5/1/1984,5/31/1984,176.91
6/1/1984,6/1/1984,6/30/1984,177.01
7/1/1984,7/1/1984,7/31/1984,177.06
8/1/1984,8/1/1984,8/31/1984,177.04
9/1/1984,9/1/1984,9/30/1984,177.02
10/1/1984,10/1/1984,10/31/1984,176.96
11/1/1984,11/1/1984,11/30/1984,176.93
12/1/1984,12/1/1984,12/31/1984,176.88
1/1/1985,1/1/1985,1/31/1985,176.88
2/1/1985,2/1/1985,2/28/1985,176.86
3/1/1985,3/1/1985,3/31/1985,176.98
4/1/1985,4/1/1985,4/30/1985,177.14
5/1/1985,5/1/1985,5/31/1985,177.24
6/1/1985,6/1/1985,6/30/1985,177.25
7/1/1985,7/1/1985,7/31/1985,177.23
8/1/1985,8/1/1985,8/31/1985,177.19
9/1/1985,9/1/1985,9/30/1985,177.2
10/1/1985,10/1/1985,10/31/1985,177.16
11/1/1985,11/1/1985,11/30/1985,177.19
12/1/1985,12/1/1985,12/31/1985,177.2
1/1/1986,1/1/1986,1/31/1986,177.14
2/1/1986,2/1/1986,2/28/1986,177.11
3/1/1986,3/1/1986,3/31/1986,177.12
4/1/1986,4/1/1986,4/30/1986,177.23
5/1/1986,5/1/1986,5/31/1986,177.28
6/1/1986,6/1/1986,6/30/1986,177.33
7/1/1986,7/1/1986,7/31/1986,177.39
8/1/1986,8/1/1986,8/31/1986,177.39
9/1/1986,9/1/1986,9/30/1986,177.38
10/1/1986,10/1/1986,10/31/1986,177.5
11/1/1986,11/1/1986,11/30/1986,177.38
12/1/1986,12/1/1986,12/31/1986,177.26
1/1/1987,1/1/1987,1/31/1987,177.18
2/1/1987,2/1/1987,2/28/1987,177.1
3/1/1987,3/1/1987,3/31/1987,177.06
4/1/1987,4/1/1987,4/30/1987,177.07
5/1/1987,5/1/1987,5/31/1987,177.06
6/1/1987,6/1/1987,6/30/1987,177.07
7/1/1987,7/1/1987,7/31/1987,177.04
8/1/1987,8/1/1987,8/31/1987,176.99
9/1/1987,9/1/1987,9/30/1987,176.9
10/1/1987,10/1/1987,10/31/1987,176.79
11/1/1987,11/1/1987,11/30/1987,176.7
12/1/1987,12/1/1987,12/31/1987,176.68
1/1/1988,1/1/1988,1/31/1988,176.63
2/1/1988,2/1/1988,2/29/1988,176.6
3/1/1988,3/1/1988,3/31/1988,176.57
4/1/1988,4/1/1988,4/30/1988,176.67
5/1/1988,5/1/1988,5/31/1988,176.7
6/1/1988,6/1/1988,6/30/1988,176.67
7/1/1988,7/1/1988,7/31/1988,176.61
8/1/1988,8/1/1988,8/31/1988,176.57
9/1/1988,9/1/1988,9/30/1988,176.48
10/1/1988,10/1/1988,10/31/1988,176.42
11/1/1988,11/1/1988,11/30/1988,176.43
12/1/1988,12/1/1988,12/31/1988,176.42
1/1/1989,1/1/1989,1/31/1989,176.38
2/1/1989,2/1/1989,2/28/1989,176.33
3/1/1989,3/1/1989,3/31/1989,176.32
4/1/1989,4/1/1989,4/30/1989,176.41
5/1/1989,5/1/1989,5/31/1989,176.44
6/1/1989,6/1/1989,6/30/1989,176.56
7/1/1989,7/1/1989,7/31/1989,176.57
8/1/1989,8/1/1989,8/31/1989,176.54
9/1/1989,9/1/1989,9/30/1989,176.47
10/1/1989,10/1/1989,10/31/1989,176.34
11/1/1989,11/1/1989,11/30/1989,176.27
12/1/1989,12/1/1989,12/31/1989,176.18
1/1/1990,1/1/1990,1/31/1990,176.15
2/1/1990,2/1/1990,2/28/1990,176.16
3/1/1990,3/1/1990,3/31/1990,176.19
4/1/1990,4/1/1990,4/30/1990,176.27
5/1/1990,5/1/1990,5/31/1990,176.35
6/1/1990,6/1/1990,6/30/1990,176.44
7/1/1990,7/1/1990,7/31/1990,176.51
8/1/1990,8/1/1990,8/31/1990,176.49
9/1/1990,9/1/1990,9/30/1990,176.45
10/1/1990,10/1/1990,10/31/1990,176.41
11/1/1990,11/1/1990,11/30/1990,176.39
12/1/1990,12/1/1990,12/31/1990,176.39
1/1/1991,1/1/1991,1/31/1991,176.36
2/1/1991,2/1/1991,2/28/1991,176.31
3/1/1991,3/1/1991,3/31/1991,176.33
4/1/1991,4/1/1991,4/30/1991,176.48
5/1/1991,5/1/1991,5/31/1991,176.6
6/1/1991,6/1/1991,6/30/1991,176.66
7/1/1991,7/1/1991,7/31/1991,176.64
8/1/1991,8/1/1991,8/31/1991,176.59
9/1/1991,9/1/1991,9/30/1991,176.48
10/1/1991,10/1/1991,10/31/1991,176.4
11/1/1991,11/1/1991,11/30/1991,176.38
12/1/1991,12/1/1991,12/31/1991,176.4
1/1/1992,1/1/1992,1/31/1992,176.38
2/1/1992,2/1/1992,2/29/1992,176.36
3/1/1992,3/1/1992,3/31/1992,176.38
4/1/1992,4/1/1992,4/30/1992,176.44
5/1/1992,5/1/1992,5/31/1992,176.53
6/1/1992,6/1/1992,6/30/1992,176.52
7/1/1992,7/1/1992,7/31/1992,176.54
8/1/1992,8/1/1992,8/31/1992,176.53
9/1/1992,9/1/1992,9/30/1992,176.52
10/1/1992,10/1/1992,10/31/1992,176.49
11/1/1992,11/1/1992,11/30/1992,176.52
12/1/1992,12/1/1992,12/31/1992,176.54
1/1/1993,1/1/1993,1/31/1993,176.54
2/1/1993,2/1/1993,2/28/1993,176.51
3/1/1993,3/1/1993,3/31/1993,176.48
4/1/1993,4/1/1993,4/30/1993,176.58
5/1/1993,5/1/1993,5/31/1993,176.7
6/1/1993,6/1/1993,6/30/1993,176.82
7/1/1993,7/1/1993,7/31/1993,176.91
8/1/1993,8/1/1993,8/31/1993,176.88
9/1/1993,9/1/1993,9/30/1993,176.83
10/1/1993,10/1/1993,10/31/1993,176.76
11/1/1993,11/1/1993,11/30/1993,176.7
12/1/1993,12/1/1993,12/31/1993,176.64
1/1/1994,1/1/1994,1/31/1994,176.57
2/1/1994,2/1/1994,2/28/1994,176.56
3/1/1994,3/1/1994,3/31/1994,176.59
4/1/1994,4/1/1994,4/30/1994,176.63
5/1/1994,5/1/1994,5/31/1994,176.7
6/1/1994,6/1/1994,6/30/1994,176.72
7/1/1994,7/1/1994,7/31/1994,176.82
8/1/1994,8/1/1994,8/31/1994,176.81
9/1/1994,9/1/1994,9/30/1994,176.78
10/1/1994,10/1/1994,10/31/1994,176.71
11/1/1994,11/1/1994,11/30/1994,176.66
12/1/1994,12/1/1994,12/31/1994,176.59
1/1/1995,1/1/1995,1/31/1995,176.53
2/1/1995,2/1/1995,2/28/1995,176.49
3/1/1995,3/1/1995,3/31/1995,176.47
4/1/1995,4/1/1995,4/30/1995,176.49
5/1/1995,5/1/1995,5/31/1995,176.58
6/1/1995,6/1/1995,6/30/1995,176.64
7/1/1995,7/1/1995,7/31/1995,176.63
8/1/1995,8/1/1995,8/31/1995,176.64
9/1/1995,9/1/1995,9/30/1995,176.55
10/1/1995,10/1/1995,10/31/1995,176.46
11/1/1995,11/1/1995,11/30/1995,176.44
12/1/1995,12/1/1995,12/31/1995,176.41
1/1/1996,1/1/1996,1/31/1996,176.37
2/1/1996,2/1/1996,2/29/1996,176.39
3/1/1996,3/1/1996,3/31/1996,176.39
4/1/1996,4/1/1996,4/30/1996,176.46
5/1/1996,5/1/1996,5/31/1996,176.63
6/1/1996,6/1/1996,6/30/1996,176.76
7/1/1996,7/1/1996,7/31/1996,176.83
8/1/1996,8/1/1996,8/31/1996,176.84
9/1/1996,9/1/1996,9/30/1996,176.82
10/1/1996,10/1/1996,10/31/1996,176.8
11/1/1996,11/1/1996,11/30/1996,176.79
12/1/1996,12/1/1996,12/31/1996,176.77
1/1/1997,1/1/1997,1/31/1997,176.79
2/1/1997,2/1/1997,2/28/1997,176.82
3/1/1997,3/1/1997,3/31/1997,176.89
4/1/1997,4/1/1997,4/30/1997,176.95
5/1/1997,5/1/1997,5/31/1997,177.07
6/1/1997,6/1/1997,6/30/1997,177.13
7/1/1997,7/1/1997,7/31/1997,177.19
8/1/1997,8/1/1997,8/31/1997,177.16
9/1/1997,9/1/1997,9/30/1997,177.12
10/1/1997,10/1/1997,10/31/1997,177.02
11/1/1997,11/1/1997,11/30/1997,176.89
12/1/1997,12/1/1997,12/31/1997,176.78
1/1/1998,1/1/1998,1/31/1998,176.74
2/1/1998,2/1/1998,2/28/1998,176.71
3/1/1998,3/1/1998,3/31/1998,176.74
4/1/1998,4/1/1998,4/30/1998,176.89
5/1/1998,5/1/1998,5/31/1998,176.91
6/1/1998,6/1/1998,6/30/1998,176.9
7/1/1998,7/1/1998,7/31/1998,176.88
8/1/1998,8/1/1998,8/31/1998,176.8
9/1/1998,9/1/1998,9/30/1998,176.68
10/1/1998,10/1/1998,10/31/1998,176.55
11/1/1998,11/1/1998,11/30/1998,176.44
12/1/1998,12/1/1998,12/31/1998,176.36
1/1/1999,1/1/1999,1/31/1999,176.27
2/1/1999,2/1/1999,2/28/1999,176.28
3/1/1999,3/1/1999,3/31/1999,176.24
4/1/1999,4/1/1999,4/30/1999,176.25
5/1/1999,5/1/1999,5/31/1999,176.28
6/1/1999,6/1/1999,6/30/1999,176.34
7/1/1999,7/1/1999,7/31/1999,176.4
8/1/1999,8/1/1999,8/31/1999,176.36
9/1/1999,9/1/1999,9/30/1999,176.24
10/1/1999,10/1/1999,10/31/1999,176.14
11/1/1999,11/1/1999,11/30/1999,176.04
12/1/1999,12/1/1999,12/31/1999,175.99
1/1/2000,1/1/2000,1/31/2000,175.92
2/1/2000,2/1/2000,2/29/2000,175.87
3/1/2000,3/1/2000,3/31/2000,175.9
4/1/2000,4/1/2000,4/30/2000,175.92
5/1/2000,5/1/2000,5/31/2000,176
6/1/2000,6/1/2000,6/30/2000,176.1
7/1/2000,7/1/2000,7/31/2000,176.13
8/1/2000,8/1/2000,8/31/2000,176.13
9/1/2000,9/1/2000,9/30/2000,176.09
10/1/2000,10/1/2000,10/31/2000,175.98
11/1/2000,11/1/2000,11/30/2000,175.89
12/1/2000,12/1/2000,12/31/2000,175.81
1/1/2001,1/1/2001,1/31/2001,175.77
2/1/2001,2/1/2001,2/28/2001,175.78
3/1/2001,3/1/2001,3/31/2001,175.78
4/1/2001,4/1/2001,4/30/2001,175.85
5/1/2001,5/1/2001,5/31/2001,175.95
6/1/2001,6/1/2001,6/30/2001,176.06
7/1/2001,7/1/2001,7/31/2001,176.05
8/1/2001,8/1/2001,8/31/2001,176.03
9/1/2001,9/1/2001,9/30/2001,176.01
10/1/2001,10/1/2001,10/31/2001,176.03
11/1/2001,11/1/2001,11/30/2001,176.05
12/1/2001,12/1/2001,12/31/2001,176.05
1/1/2002,1/1/2002,1/31/2002,175.99
2/1/2002,2/1/2002,2/28/2002,175.95
3/1/2002,3/1/2002,3/31/2002,175.99
4/1/2002,4/1/2002,4/30/2002,176.06
5/1/2002,5/1/2002,5/31/2002,176.19
6/1/2002,6/1/2002,6/30/2002,176.29
7/1/2002,7/1/2002,7/31/2002,176.33
8/1/2002,8/1/2002,8/31/2002,176.32
9/1/2002,9/1/2002,9/30/2002,176.24
10/1/2002,10/1/2002,10/31/2002,176.14
11/1/2002,11/1/2002,11/30/2002,176.01
12/1/2002,12/1/2002,12/31/2002,175.91
1/1/2003,1/1/2003,1/31/2003,175.82
2/1/2003,2/1/2003,2/28/2003,175.75
3/1/2003,3/1/2003,3/31/2003,175.73
4/1/2003,4/1/2003,4/30/2003,175.82
5/1/2003,5/1/2003,5/31/2003,175.92
6/1/2003,6/1/2003,6/30/2003,176
7/1/2003,7/1/2003,7/31/2003,176.04
8/1/2003,8/1/2003,8/31/2003,176.02
9/1/2003,9/1/2003,9/30/2003,175.94
10/1/2003,10/1/2003,10/31/2003,175.87
11/1/2003,11/1/2003,11/30/2003,175.89
12/1/2003,12/1/2003,12/31/2003,175.9
1/1/2004,1/1/2004,1/31/2004,175.87
2/1/2004,2/1/2004,2/29/2004,175.84
3/1/2004,3/1/2004,3/31/2004,175.9
4/1/2004,4/1/2004,4/30/2004,175.98
5/1/2004,5/1/2004,5/31/2004,176.12
6/1/2004,6/1/2004,6/30/2004,176.31
7/1/2004,7/1/2004,7/31/2004,176.37
8/1/2004,8/1/2004,8/31/2004,176.33
9/1/2004,9/1/2004,9/30/2004,176.28
10/1/2004,10/1/2004,10/31/2004,176.15
11/1/2004,11/1/2004,11/30/2004,176.1
12/1/2004,12/1/2004,12/31/2004,176.08
1/1/2005,1/1/2005,1/31/2005,176.08
2/1/2005,2/1/2005,2/28/2005,176.1
3/1/2005,3/1/2005,3/31/2005,176.1
4/1/2005,4/1/2005,4/30/2005,176.14
5/1/2005,5/1/2005,5/31/2005,176.19
6/1/2005,6/1/2005,6/30/2005,176.21
7/1/2005,7/1/2005,7/31/2005,176.19
8/1/2005,8/1/2005,8/31/2005,176.17
9/1/2005,9/1/2005,9/30/2005,176.09
10/1/2005,10/1/2005,10/31/2005,176
11/1/2005,11/1/2005,11/30/2005,175.93
12/1/2005,12/1/2005,12/31/2005,175.88
1/1/2006,1/1/2006,1/31/2006,175.88
2/1/2006,2/1/2006,2/28/2006,175.92
3/1/2006,3/1/2006,3/31/2006,175.93
4/1/2006,4/1/2006,4/30/2006,176.01
5/1/2006,5/1/2006,5/31/2006,176.09
6/1/2006,6/1/2006,6/30/2006,176.14
7/1/2006,7/1/2006,7/31/2006,176.14
8/1/2006,8/1/2006,8/31/2006,176.13
9/1/2006,9/1/2006,9/30/2006,176.04
10/1/2006,10/1/2006,10/31/2006,175.99
11/1/2006,11/1/2006,11/30/2006,175.94
12/1/2006,12/1/2006,12/31/2006,175.98
1/1/2007,1/1/2007,1/31/2007,176
2/1/2007,2/1/2007,2/28/2007,175.91
3/1/2007,3/1/2007,3/31/2007,175.92
4/1/2007,4/1/2007,4/30/2007,176.02
5/1/2007,5/1/2007,5/31/2007,176.06
6/1/2007,6/1/2007,6/30/2007,176.08
7/1/2007,7/1/2007,7/31/2007,176.05
8/1/2007,8/1/2007,8/31/2007,176
9/1/2007,9/1/2007,9/30/2007,175.95
10/1/2007,10/1/2007,10/31/2007,175.88
11/1/2007,11/1/2007,11/30/2007,175.77
12/1/2007,12/1/2007,12/31/2007,175.68
1/1/2008,1/1/2008,1/31/2008,175.7
2/1/2008,2/1/2008,2/29/2008,175.76
3/1/2008,3/1/2008,3/31/2008,175.78
4/1/2008,4/1/2008,4/30/2008,175.92
5/1/2008,5/1/2008,5/31/2008,176.04
6/1/2008,6/1/2008,6/30/2008,176.16
7/1/2008,7/1/2008,7/31/2008,176.24
8/1/2008,8/1/2008,8/31/2008,176.22
9/1/2008,9/1/2008,9/30/2008,176.18
10/1/2008,10/1/2008,10/31/2008,176.09
11/1/2008,11/1/2008,11/30/2008,176
12/1/2008,12/1/2008,12/31/2008,175.97
1/1/2009,1/1/2009,1/31/2009,176.01
2/1/2009,2/1/2009,2/28/2009,176.01
3/1/2009,3/1/2009,3/31/2009,176.09
4/1/2009,4/1/2009,4/30/2009,176.2
5/1/2009,5/1/2009,5/31/2009,176.34
6/1/2009,6/1/2009,6/30/2009,176.42
7/1/2009,7/1/2009,7/31/2009,176.44
8/1/2009,8/1/2009,8/31/2009,176.44
9/1/2009,9/1/2009,9/30/2009,176.37
10/1/2009,10/1/2009,10/31/2009,176.29
11/1/2009,11/1/2009,11/30/2009,176.27
12/1/2009,12/1/2009,12/31/2009,176.22
1/1/2010,1/1/2010,1/31/2010,176.15
2/1/2010,2/1/2010,2/28/2010,176.11
3/1/2010,3/1/2010,3/31/2010,176.09
4/1/2010,4/1/2010,4/30/2010,176.11
5/1/2010,5/1/2010,5/31/2010,176.13
6/1/2010,6/1/2010,6/30/2010,176.19
7/1/2010,7/1/2010,7/31/2010,176.26
8/1/2010,8/1/2010,8/31/2010,176.24
9/1/2010,9/1/2010,9/30/2010,176.16
10/1/2010,10/1/2010,10/31/2010,176.07
11/1/2010,11/1/2010,11/30/2010,175.96
12/1/2010,12/1/2010,12/31/2010,175.86
1/1/2011,1/1/2011,1/31/2011,175.81
2/1/2011,2/1/2011,2/28/2011,175.78
3/1/2011,3/1/2011,3/31/2011,175.81
4/1/2011,4/1/2011,4/30/2011,175.91
5/1/2011,5/1/2011,5/31/2011,176.1
6/1/2011,6/1/2011,6/30/2011,176.21
7/1/2011,7/1/2011,7/31/2011,176.26
8/1/2011,8/1/2011,8/31/2011,176.24
9/1/2011,9/1/2011,9/30/2011,176.13
10/1/2011,10/1/2011,10/31/2011,176.08
11/1/2011,11/1/2011,11/30/2011,176.07
12/1/2011,12/1/2011,12/31/2011,176.04
1/1/2012,1/1/2012,1/31/2012,175.99
2/1/2012,2/1/2012,2/29/2012,175.96
3/1/2012,3/1/2012,3/31/2012,176
4/1/2012,4/1/2012,4/30/2012,176.03
5/1/2012,5/1/2012,5/31/2012,176.05
6/1/2012,6/1/2012,6/30/2012,176.07
7/1/2012,7/1/2012,7/31/2012,176.04
8/1/2012,8/1/2012,8/31/2012,175.97
9/1/2012,9/1/2012,9/30/2012,175.86
10/1/2012,10/1/2012,10/31/2012,175.74
11/1/2012,11/1/2012,11/30/2012,175.68
12/1/2012,12/1/2012,12/31/2012,175.61
1/1/2013,1/1/2013,1/31/2013,175.57
2/1/2013,2/1/2013,2/28/2013,175.61
3/1/2013,3/1/2013,3/31/2013,175.63
4/1/2013,4/1/2013,4/30/2013,175.75
5/1/2013,5/1/2013,5/31/2013,175.93
6/1/2013,6/1/2013,6/30/2013,176.05
7/1/2013,7/1/2013,7/31/2013,176.09
8/1/2013,8/1/2013,8/31/2013,176.08
9/1/2013,9/1/2013,9/30/2013,176.04
10/1/2013,10/1/2013,10/31/2013,176.01
11/1/2013,11/1/2013,11/30/2013,176.01
12/1/2013,12/1/2013,12/31/2013,175.97
1/1/2014,1/1/2014,1/31/2014,175.95
2/1/2014,2/1/2014,2/28/2014,175.95
3/1/2014,3/1/2014,3/31/2014,175.95
4/1/2014,4/1/2014,4/30/2014,176.06
5/1/2014,5/1/2014,5/31/2014,176.27
6/1/2014,6/1/2014,6/30/2014,176.38
7/1/2014,7/1/2014,7/31/2014,176.46
8/1/2014,8/1/2014,8/31/2014,176.48
9/1/2014,9/1/2014,9/30/2014,176.51
10/1/2014,10/1/2014,10/31/2014,176.54
11/1/2014,11/1/2014,11/30/2014,176.54
12/1/2014,12/1/2014,12/31/2014,176.53
1/1/2015,1/1/2015,1/31/2015,176.51
2/1/2015,2/1/2015,2/28/2015,176.5
3/1/2015,3/1/2015,3/31/2015,176.48
4/1/2015,4/1/2015,4/30/2015,176.53
5/1/2015,5/1/2015,5/31/2015,176.59
6/1/2015,6/1/2015,6/30/2015,176.68
7/1/2015,7/1/2015,7/31/2015,176.73
8/1/2015,8/1/2015,8/31/2015,176.72
9/1/2015,9/1/2015,9/30/2015,176.7
10/1/2015,10/1/2015,10/31/2015,176.58
11/1/2015,11/1/2015,11/30/2015,176.54
12/1/2015,12/1/2015,12/31/2015,176.55
1/1/2016,1/1/2016,1/31/2016,176.57
2/1/2016,2/1/2016,2/29/2016,176.56
3/1/2016,3/1/2016,3/31/2016,176.61
4/1/2016,4/1/2016,4/30/2016,176.77
5/1/2016,5/1/2016,5/31/2016,176.82
6/1/2016,6/1/2016,6/30/2016,176.84
7/1/2016,7/1/2016,7/31/2016,176.84
8/1/2016,8/1/2016,8/31/2016,176.82
9/1/2016,9/1/2016,9/30/2016,176.78
10/1/2016,10/1/2016,10/31/2016,176.69
11/1/2016,11/1/2016,11/30/2016,176.59
12/1/2016,12/1/2016,12/31/2016,176.51
1/1/2017,1/1/2017,1/31/2017,176.47
2/1/2017,2/1/2017,2/28/2017,176.48
3/1/2017,3/1/2017,3/31/2017,176.53
4/1/2017,4/1/2017,4/30/2017,176.66
5/1/2017,5/1/2017,5/31/2017,176.8
6/1/2017,6/1/2017,6/30/2017,176.88
7/1/2017,7/1/2017,7/31/2017,176.99
8/1/2017,8/1/2017,8/31/2017,177
9/1/2017,9/1/2017,9/30/2017,176.93
10/1/2017,10/1/2017,10/31/2017,176.87
11/1/2017,11/1/2017,11/30/2017,176.85
12/1/2017,12/1/2017,12/31/2017,176.79
1/1/2018,1/1/2018,1/31/2018,176.73
2/1/2018,2/1/2018,2/28/2018,176.74
3/1/2018,3/1/2018,3/31/2018,176.76
4/1/2018,4/1/2018,4/30/2018,176.79
5/1/2018,5/1/2018,5/31/2018,176.92
6/1/2018,6/1/2018,6/30/2018,176.98
7/1/2018,7/1/2018,7/31/2018,176.98
8/1/2018,8/1/2018,8/31/2018,176.94
9/1/2018,9/1/2018,9/30/2018,176.94
10/1/2018,10/1/2018,10/31/2018,176.89
11/1/2018,11/1/2018,11/30/2018,176.86
12/1/2018,12/1/2018,12/31/2018,176.83
1/1/2019,1/1/2019,1/31/2019,176.8
2/1/2019,2/1/2019,2/28/2019,176.82
3/1/2019,3/1/2019,3/31/2019,176.85
4/1/2019,4/1/2019,4/30/2019,176.96
5/1/2019,5/1/2019,5/31/2019,177.17
6/1/2019,6/1/2019,6/30/2019,177.31
7/1/2019,7/1/2019,7/31/2019,177.37
8/1/2019,8/1/2019,8/31/2019,177.32
9/1/2019,9/1/2019,9/30/2019,177.27
10/1/2019,10/1/2019,10/31/2019,177.28
11/1/2019,11/1/2019,11/30/2019,177.26
12/1/2019,12/1/2019,12/31/2019,177.24
1/1/2020,1/1/2020,1/31/2020,177.26
2/1/2020,2/1/2020,2/29/2020,177.24
3/1/2020,3/1/2020,3/31/2020,177.22
4/1/2020,4/1/2020,4/30/2020,177.29
5/1/2020,5/1/2020,5/31/2020,177.37
6/1/2020,6/1/2020,6/30/2020,177.44
7/1/2020,7/1/2020,7/31/2020,177.45
8/1/2020,8/1/2020,8/31/2020,177.42
9/1/2020,9/1/2020,9/30/2020,177.34
10/1/2020,10/1/2020,10/31/2020,177.25
11/1/2020,11/1/2020,11/30/2020,177.2
12/1/2020,12/1/2020,12/31/2020,177.14
1/1/2021,1/1/2021,1/31/2021,177.06
2/1/2021,2/1/2021,2/28/2021,176.99
3/1/2021,3/1/2021,3/31/2021,176.94
4/1/2021,4/1/2021,4/30/2021,176.94
5/1/2021,5/1/2021,5/31/2021,176.95
6/1/2021,6/1/2021,6/30/2021,176.93
7/1/2021,7/1/2021,7/31/2021,177
8/1/2021,8/1/2021,8/31/2021,177.01
9/1/2021,9/1/2021,9/30/2021,176.93
10/1/2021,10/1/2021,10/31/2021,176.9
11/1/2021,11/1/2021,11/30/2021,176.77
12/1/2021,12/1/2021,12/31/2021,176.69
1/1/2022,1/1/2022,1/31/2022,176.6
2/1/2022,2/1/2022,2/28/2022,176.54
3/1/2022,3/1/2022,3/31/2022,176.53
4/1/2022,4/1/2022,4/30/2022,176.66
5/1/2022,5/1/2022,5/31/2022,176.75
6/1/2022,6/1/2022,6/30/2022,176.8
7/1/2022,7/1/2022,7/31/2022,176.81
8/1/2022,8/1/2022,8/31/2022,176.79
9/1/2022,9/1/2022,9/30/2022,176.71
10/1/2022,10/1/2022,10/31/2022,176.6
11/1/2022,11/1/2022,11/30/2022,176.55
12/1/2022,12/1/2022,12/31/2022,176.46
1/1/2023,1/1/2023,1/31/2023,176.44
2/1/2023,2/1/2023,2/28/2023,176.41
3/1/2023,3/1/2023,3/31/2023,176.43
4/1/2023,4/1/2023,4/30/2023,176.56
5/1/2023,5/1/2023,5/31/2023,176.69
6/1/2023,6/1/2023,6/30/2023,176.68
7/1/2023,7/1/2023,7/31/2023,176.7
8/1/2023,8/1/2023,8/31/2023,176.7
9/1/2023,9/1/2023,9/30/2023,176.64
10/1/2023,10/1/2023,10/31/2023,176.56
11/1/2023,11/1/2023,11/30/2023,176.51
12/1/2023,12/1/2023,12/31/2023,176.44
1/1/2024,1/1/2024,1/31/2024,176.42
2/1/2024,2/1/2024,2/29/2024,176.4
3/1/2024,3/1/2024,3/31/2024,176.39
4/1/2024,4/1/2024,4/30/2024,176.46
5/1/2024,5/1/2024,5/31/2024,176.58
6/1/2024,6/1/2024,6/30/2024,176.66
7/1/2024,7/1/2024,7/31/2024,176.73
8/1/2024,8/1/2024,8/31/2024,176.68
9/1/2024,9/1/2024,9/30/2024,176.57
10/1/2024,10/1/2024,10/31/2024,176.42
11/1/2024,11/1/2024,11/30/2024,176.33
12/1/2024,12/1/2024,12/31/2024,176.23
